question_id,topic_1,topic_2,topic_3,topic_4,number,question_type,difficulty,mc_answer,fr_min,fr_max,mfr_1,mfr_2,mfr_3,mfr_4,mfr_5,section_id,book_test_id,section_number,subject,
1,61,0,0,0,1,multiple_choice,1,A,,,,,,,,1,1,2,CR,
2,61,0,0,0,2,multiple_choice,3,B,,,,,,,,1,1,2,CR,
3,61,0,0,0,3,multiple_choice,5,A,,,,,,,,1,1,2,CR,
4,61,0,0,0,4,multiple_choice,4,D,,,,,,,,1,1,2,CR,
5,61,0,0,0,5,multiple_choice,5,C,,,,,,,,1,1,2,CR,
6,22,0,0,0,6,multiple_choice,1,D,,,,,,,,1,1,2,CR,
7,12,0,0,0,7,multiple_choice,3,B,,,,,,,,1,1,2,CR,
8,53,0,0,0,8,multiple_choice,3,C,,,,,,,,1,1,2,CR,
9,10,0,0,0,9,multiple_choice,3,A,,,,,,,,1,1,2,CR,
10,53,0,0,0,10,multiple_choice,4,D,,,,,,,,1,1,2,CR,
11,10,0,0,0,11,multiple_choice,3,B,,,,,,,,1,1,2,CR,
12,22,0,0,0,12,multiple_choice,3,C,,,,,,,,1,1,2,CR,
13,55,0,0,0,13,multiple_choice,4,E,,,,,,,,1,1,2,CR,
14,55,0,0,0,14,multiple_choice,2,E,,,,,,,,1,1,2,CR,
15,12,0,0,0,15,multiple_choice,5,B,,,,,,,,1,1,2,CR,
16,10,0,0,0,16,multiple_choice,2,C,,,,,,,,1,1,2,CR,
17,22,0,0,0,17,multiple_choice,3,A,,,,,,,,1,1,2,CR,
18,22,0,0,0,18,multiple_choice,3,E,,,,,,,,1,1,2,CR,
19,22,0,0,0,19,multiple_choice,3,B,,,,,,,,1,1,2,CR,
20,10,0,0,0,20,multiple_choice,3,A,,,,,,,,1,1,2,CR,
21,62,0,0,0,21,multiple_choice,3,D,,,,,,,,1,1,2,CR,
22,10,0,0,0,22,multiple_choice,4,E,,,,,,,,1,1,2,CR,
23,22,0,0,0,23,multiple_choice,4,E,,,,,,,,1,1,2,CR,
24,53,0,0,0,24,multiple_choice,4,C,,,,,,,,1,1,2,CR,
25,48,0,0,0,1,multiple_choice,1,A,,,,,,,,2,1,3,M,
26,48,0,0,0,2,multiple_choice,1,E,,,,,,,,2,1,3,M,
27,3,48,0,0,3,multiple_choice,1,B,,,,,,,,2,1,3,M,
28,64,0,0,0,4,multiple_choice,2,D,,,,,,,,2,1,3,M,
29,24,0,0,0,5,multiple_choice,1,C,,,,,,,,2,1,3,M,
30,64,0,0,0,6,multiple_choice,2,C,,,,,,,,2,1,3,M,
31,63,0,0,0,7,multiple_choice,2,D,,,,,,,,2,1,3,M,
32,4,0,0,0,8,multiple_choice,2,D,,,,,,,,2,1,3,M,
33,30,0,0,0,9,multiple_choice,3,D,,,,,,,,2,1,3,M,
34,2,0,0,0,10,multiple_choice,2,C,,,,,,,,2,1,3,M,
35,15,0,0,0,11,multiple_choice,3,B,,,,,,,,2,1,3,M,
36,23,0,0,0,12,multiple_choice,3,D,,,,,,,,2,1,3,M,
37,44,0,0,0,13,multiple_choice,3,E,,,,,,,,2,1,3,M,
38,48,14,0,0,14,multiple_choice,3,E,,,,,,,,2,1,3,M,
39,64,46,1,0,15,multiple_choice,3,B,,,,,,,,2,1,3,M,
40,54,63,0,0,16,multiple_choice,3,A,,,,,,,,2,1,3,M,
41,42,19,0,0,17,multiple_choice,4,C,,,,,,,,2,1,3,M,
42,17,0,0,0,18,multiple_choice,4,D,,,,,,,,2,1,3,M,
43,48,38,0,0,19,multiple_choice,5,A,,,,,,,,2,1,3,M,
44,15,63,0,0,20,multiple_choice,5,A,,,,,,,,2,1,3,M,
45,61,0,0,0,1,multiple_choice,1,C,,,,,,,,3,1,5,CR,
46,61,0,0,0,2,multiple_choice,1,B,,,,,,,,3,1,5,CR,
47,61,0,0,0,3,multiple_choice,1,C,,,,,,,,3,1,5,CR,
48,61,0,0,0,4,multiple_choice,3,A,,,,,,,,3,1,5,CR,
49,61,0,0,0,5,multiple_choice,3,D,,,,,,,,3,1,5,CR,
50,61,0,0,0,6,multiple_choice,4,B,,,,,,,,3,1,5,CR,
51,61,0,0,0,7,multiple_choice,5,D,,,,,,,,3,1,5,CR,
52,61,0,0,0,8,multiple_choice,5,C,,,,,,,,3,1,5,CR,
53,10,0,0,0,9,multiple_choice,4,A,,,,,,,,3,1,5,CR,
54,22,0,0,0,10,multiple_choice,3,B,,,,,,,,3,1,5,CR,
55,22,0,0,0,11,multiple_choice,4,E,,,,,,,,3,1,5,CR,
56,22,0,0,0,12,multiple_choice,5,C,,,,,,,,3,1,5,CR,
57,62,0,0,0,13,multiple_choice,2,D,,,,,,,,3,1,5,CR,
58,22,0,0,0,14,multiple_choice,4,D,,,,,,,,3,1,5,CR,
59,10,0,0,0,15,multiple_choice,1,E,,,,,,,,3,1,5,CR,
60,22,0,0,0,16,multiple_choice,5,E,,,,,,,,3,1,5,CR,
61,22,0,0,0,17,multiple_choice,3,B,,,,,,,,3,1,5,CR,
62,55,0,0,0,18,multiple_choice,3,E,,,,,,,,3,1,5,CR,
63,22,0,0,0,19,multiple_choice,4,A,,,,,,,,3,1,5,CR,
64,62,0,0,0,20,multiple_choice,3,D,,,,,,,,3,1,5,CR,
65,55,0,0,0,21,multiple_choice,3,A,,,,,,,,3,1,5,CR,
66,12,0,0,0,22,multiple_choice,2,C,,,,,,,,3,1,5,CR,
67,22,0,0,0,23,multiple_choice,3,E,,,,,,,,3,1,5,CR,
68,22,0,0,0,24,multiple_choice,3,E,,,,,,,,3,1,5,CR,
69,43,0,0,0,1,multiple_choice,1,C,,,,,,,,4,1,6,W,
70,59,0,0,0,2,multiple_choice,1,C,,,,,,,,4,1,6,W,
71,36,0,0,0,3,multiple_choice,1,B,,,,,,,,4,1,6,W,
72,59,0,0,0,4,multiple_choice,1,C,,,,,,,,4,1,6,W,
73,6,0,0,0,5,multiple_choice,2,E,,,,,,,,4,1,6,W,
74,28,0,0,0,6,multiple_choice,2,A,,,,,,,,4,1,6,W,
75,26,0,0,0,7,multiple_choice,2,D,,,,,,,,4,1,6,W,
76,28,0,0,0,8,multiple_choice,3,A,,,,,,,,4,1,6,W,
77,31,6,0,0,9,multiple_choice,3,E,,,,,,,,4,1,6,W,
78,33,26,52,0,10,multiple_choice,3,C,,,,,,,,4,1,6,W,
79,31,6,0,0,11,multiple_choice,5,E,,,,,,,,4,1,6,W,
80,29,0,0,0,12,multiple_choice,2,C,,,,,,,,4,1,6,W,
81,28,0,0,0,13,multiple_choice,2,E,,,,,,,,4,1,6,W,
82,7,0,0,0,14,multiple_choice,1,A,,,,,,,,4,1,6,W,
83,59,0,0,0,15,multiple_choice,2,C,,,,,,,,4,1,6,W,
84,60,0,0,0,16,multiple_choice,3,D,,,,,,,,4,1,6,W,
85,7,0,0,0,17,multiple_choice,3,C,,,,,,,,4,1,6,W,
86,27,0,0,0,18,multiple_choice,3,A,,,,,,,,4,1,6,W,
87,51,0,0,0,19,multiple_choice,3,C,,,,,,,,4,1,6,W,
88,28,0,0,0,20,multiple_choice,3,E,,,,,,,,4,1,6,W,
89,5,0,0,0,21,multiple_choice,3,B,,,,,,,,4,1,6,W,
90,28,0,0,0,22,multiple_choice,3,E,,,,,,,,4,1,6,W,
91,52,0,0,0,23,multiple_choice,3,C,,,,,,,,4,1,6,W,
92,28,0,0,0,24,multiple_choice,4,E,,,,,,,,4,1,6,W,
93,60,60,0,0,25,multiple_choice,3,C,,,,,,,,4,1,6,W,
94,51,0,0,0,26,multiple_choice,4,D,,,,,,,,4,1,6,W,
95,28,0,0,0,27,multiple_choice,5,E,,,,,,,,4,1,6,W,
96,52,0,0,0,28,multiple_choice,4,D,,,,,,,,4,1,6,W,
97,5,0,0,0,29,multiple_choice,5,D,,,,,,,,4,1,6,W,
98,32,0,0,0,30,multiple_choice,2,C,,,,,,,,4,1,6,W,
99,32,0,0,0,31,multiple_choice,3,C,,,,,,,,4,1,6,W,
100,32,0,0,0,32,multiple_choice,5,E,,,,,,,,4,1,6,W,
101,32,0,0,0,33,multiple_choice,2,C,,,,,,,,4,1,6,W,
102,32,0,0,0,34,multiple_choice,3,D,,,,,,,,4,1,6,W,
103,32,0,0,0,35,multiple_choice,4,B,,,,,,,,4,1,6,W,
104,23,0,0,0,1,multiple_choice,1,E,,,,,,,,5,1,7,M,
105,2,0,0,0,2,multiple_choice,1,B,,,,,,,,5,1,7,M,
106,54,0,0,0,3,multiple_choice,2,E,,,,,,,,5,1,7,M,
107,14,48,0,0,4,multiple_choice,2,D,,,,,,,,5,1,7,M,
108,4,42,0,0,5,multiple_choice,3,A,,,,,,,,5,1,7,M,
109,64,17,46,0,6,multiple_choice,3,C,,,,,,,,5,1,7,M,
110,38,0,0,0,7,multiple_choice,3,E,,,,,,,,5,1,7,M,
111,15,0,0,0,8,multiple_choice,5,C,,,,,,,,5,1,7,M,
112,48,13,0,0,9,free_response,1,0,9,9,,,,,,5,1,7,M,
113,34,0,0,0,10,free_response,2,0,0.2,0.2,,,,,,5,1,7,M,
114,11,0,0,0,11,free_response,2,0,15,15,,,,,,5,1,7,M,
115,30,0,0,0,12,free_response,3,0,0,1.5,,,,,,5,1,7,M,
116,48,15,0,0,13,free_response,3,0,6,6,,,,,,5,1,7,M,
117,44,0,0,0,14,free_response,4,0,117,117,,,,,,5,1,7,M,
118,48,1,0,0,15,free_response,3,0,2.5,2.5,,,,,,5,1,7,M,
119,54,0,0,0,16,free_response,4,0,5940,5940,,,,,,5,1,7,M,
120,38,0,0,0,17,free_response,4,0,90,90,,,,,,5,1,7,M,
121,64,17,0,0,18,free_response,5,0,4.2,4.2,,,,,,5,1,7,M,
122,23,0,0,0,1,multiple_choice,1,D,,,,,,,,6,1,8,M,
123,4,38,0,0,2,multiple_choice,1,E,,,,,,,,6,1,8,M,
124,38,0,0,0,3,multiple_choice,1,A,,,,,,,,6,1,8,M,
125,64,0,0,0,4,multiple_choice,2,C,,,,,,,,6,1,8,M,
126,24,0,0,0,5,multiple_choice,1,B,,,,,,,,6,1,8,M,
127,48,2,19,0,6,multiple_choice,3,E,,,,,,,,6,1,8,M,
128,3,0,0,0,7,multiple_choice,3,A,,,,,,,,6,1,8,M,
129,48,13,0,0,8,multiple_choice,3,B,,,,,,,,6,1,8,M,
130,64,0,0,0,9,multiple_choice,3,B,,,,,,,,6,1,8,M,
131,63,0,0,0,10,multiple_choice,3,B,,,,,,,,6,1,8,M,
132,47,0,0,0,11,multiple_choice,3,A,,,,,,,,6,1,8,M,
133,30,0,0,0,12,multiple_choice,4,B,,,,,,,,6,1,8,M,
134,25,0,0,0,13,multiple_choice,3,D,,,,,,,,6,1,8,M,
135,18,0,0,0,14,multiple_choice,4,E,,,,,,,,6,1,8,M,
136,49,15,0,0,15,multiple_choice,5,E,,,,,,,,6,1,8,M,
137,48,17,0,0,16,multiple_choice,4,B,,,,,,,,6,1,8,M,
138,61,0,0,0,1,multiple_choice,1,B,,,,,,,,7,1,9,CR,
139,61,0,0,0,2,multiple_choice,1,C,,,,,,,,7,1,9,CR,
140,61,0,0,0,3,multiple_choice,2,B,,,,,,,,7,1,9,CR,
141,61,0,0,0,4,multiple_choice,4,E,,,,,,,,7,1,9,CR,
142,61,0,0,0,5,multiple_choice,5,B,,,,,,,,7,1,9,CR,
143,61,0,0,0,6,multiple_choice,5,D,,,,,,,,7,1,9,CR,
144,53,0,0,0,7,multiple_choice,2,C,,,,,,,,7,1,9,CR,
145,22,0,0,0,8,multiple_choice,2,C,,,,,,,,7,1,9,CR,
146,10,0,0,0,9,multiple_choice,2,E,,,,,,,,7,1,9,CR,
147,22,0,0,0,10,multiple_choice,1,E,,,,,,,,7,1,9,CR,
148,10,0,0,0,11,multiple_choice,4,A,,,,,,,,7,1,9,CR,
149,22,0,0,0,12,multiple_choice,3,B,,,,,,,,7,1,9,CR,
150,22,0,0,0,13,multiple_choice,3,D,,,,,,,,7,1,9,CR,
151,22,0,0,0,14,multiple_choice,5,A,,,,,,,,7,1,9,CR,
152,22,0,0,0,15,multiple_choice,2,D,,,,,,,,7,1,9,CR,
153,22,0,0,0,16,multiple_choice,3,B,,,,,,,,7,1,9,CR,
154,22,0,0,0,17,multiple_choice,3,C,,,,,,,,7,1,9,CR,
155,53,0,0,0,18,multiple_choice,3,B,,,,,,,,7,1,9,CR,
156,10,0,0,0,19,multiple_choice,3,B,,,,,,,,7,1,9,CR,
157,52,0,0,0,1,multiple_choice,1,D,,,,,,,,8,1,10,W,
158,26,0,0,0,2,multiple_choice,1,C,,,,,,,,8,1,10,W,
159,29,0,0,0,3,multiple_choice,3,B,,,,,,,,8,1,10,W,
160,57,0,0,0,4,multiple_choice,2,E,,,,,,,,8,1,10,W,
161,26,0,0,0,5,multiple_choice,3,C,,,,,,,,8,1,10,W,
162,8,0,0,0,6,multiple_choice,3,E,,,,,,,,8,1,10,W,
163,8,0,0,0,7,multiple_choice,2,D,,,,,,,,8,1,10,W,
164,26,0,0,0,8,multiple_choice,3,E,,,,,,,,8,1,10,W,
165,59,0,0,0,9,multiple_choice,3,E,,,,,,,,8,1,10,W,
166,28,0,0,0,10,multiple_choice,3,A,,,,,,,,8,1,10,W,
167,8,0,0,0,11,multiple_choice,3,D,,,,,,,,8,1,10,W,
168,31,0,0,0,12,multiple_choice,4,D,,,,,,,,8,1,10,W,
169,52,0,0,0,13,multiple_choice,4,C,,,,,,,,8,1,10,W,
170,31,6,0,0,14,multiple_choice,5,E,,,,,,,,8,1,10,W,
171,44,0,0,0,1,multiple_choice,1,D,,,,,,,,9,2,2,M,
172,15,0,0,0,2,multiple_choice,1,A,,,,,,,,9,2,2,M,
173,23,0,0,0,3,multiple_choice,1,A,,,,,,,,9,2,2,M,
174,4,2,0,0,4,multiple_choice,3,C,,,,,,,,9,2,2,M,
175,56,0,0,0,5,multiple_choice,2,D,,,,,,,,9,2,2,M,
176,48,0,0,0,6,multiple_choice,2,D,,,,,,,,9,2,2,M,
177,37,0,0,0,7,multiple_choice,2,A,,,,,,,,9,2,2,M,
178,49,0,0,0,8,multiple_choice,2,B,,,,,,,,9,2,2,M,
179,48,13,0,0,9,multiple_choice,2,D,,,,,,,,9,2,2,M,
180,15,38,2,0,10,multiple_choice,3,E,,,,,,,,9,2,2,M,
181,23,46,17,0,11,multiple_choice,2,D,,,,,,,,9,2,2,M,
182,23,0,0,0,12,multiple_choice,3,A,,,,,,,,9,2,2,M,
183,45,0,0,0,13,multiple_choice,3,C,,,,,,,,9,2,2,M,
184,13,63,0,0,14,multiple_choice,3,E,,,,,,,,9,2,2,M,
185,58,0,0,0,15,multiple_choice,4,B,,,,,,,,9,2,2,M,
186,37,0,0,0,16,multiple_choice,3,D,,,,,,,,9,2,2,M,
187,64,1,0,0,17,multiple_choice,3,B,,,,,,,,9,2,2,M,
188,63,47,0,0,18,multiple_choice,4,B,,,,,,,,9,2,2,M,
189,13,54,0,0,19,multiple_choice,4,E,,,,,,,,9,2,2,M,
190,19,64,0,0,20,multiple_choice,5,E,,,,,,,,9,2,2,M,
191,61,0,0,0,1,multiple_choice,1,C,,,,,,,,10,2,4,CR,
192,61,0,0,0,2,multiple_choice,1,B,,,,,,,,10,2,4,CR,
193,61,0,0,0,3,multiple_choice,3,A,,,,,,,,10,2,4,CR,
194,61,0,0,0,4,multiple_choice,3,B,,,,,,,,10,2,4,CR,
195,61,0,0,0,5,multiple_choice,3,E,,,,,,,,10,2,4,CR,
196,61,0,0,0,6,multiple_choice,5,A,,,,,,,,10,2,4,CR,
197,61,0,0,0,7,multiple_choice,5,A,,,,,,,,10,2,4,CR,
198,61,0,0,0,8,multiple_choice,5,A,,,,,,,,10,2,4,CR,
199,22,0,0,0,9,multiple_choice,3,D,,,,,,,,10,2,4,CR,
200,55,0,0,0,10,multiple_choice,5,C,,,,,,,,10,2,4,CR,
201,22,0,0,0,11,multiple_choice,3,C,,,,,,,,10,2,4,CR,
202,10,0,0,0,12,multiple_choice,2,A,,,,,,,,10,2,4,CR,
203,22,0,0,0,13,multiple_choice,3,B,,,,,,,,10,2,4,CR,
204,22,0,0,0,14,multiple_choice,2,C,,,,,,,,10,2,4,CR,
205,22,0,0,0,15,multiple_choice,4,D,,,,,,,,10,2,4,CR,
206,62,0,0,0,16,multiple_choice,3,E,,,,,,,,10,2,4,CR,
207,10,0,0,0,17,multiple_choice,3,E,,,,,,,,10,2,4,CR,
208,55,0,0,0,18,multiple_choice,3,A,,,,,,,,10,2,4,CR,
209,55,0,0,0,19,multiple_choice,4,E,,,,,,,,10,2,4,CR,
210,10,0,0,0,20,multiple_choice,3,B,,,,,,,,10,2,4,CR,
211,22,0,0,0,21,multiple_choice,2,A,,,,,,,,10,2,4,CR,
212,62,0,0,0,22,multiple_choice,1,A,,,,,,,,10,2,4,CR,
213,55,0,0,0,23,multiple_choice,5,D,,,,,,,,10,2,4,CR,
214,10,0,0,0,24,multiple_choice,3,C,,,,,,,,10,2,4,CR,
215,12,0,0,0,25,multiple_choice,3,C,,,,,,,,10,2,4,CR,
216,48,0,0,0,1,multiple_choice,1,B,,,,,,,,11,2,5,M,
217,4,15,0,0,2,multiple_choice,1,E,,,,,,,,11,2,5,M,
218,3,0,0,0,3,multiple_choice,2,D,,,,,,,,11,2,5,M,
219,34,0,0,0,4,multiple_choice,2,C,,,,,,,,11,2,5,M,
220,21,0,0,0,5,multiple_choice,2,E,,,,,,,,11,2,5,M,
221,46,15,0,0,6,multiple_choice,3,A,,,,,,,,11,2,5,M,
222,17,0,0,0,7,multiple_choice,3,B,,,,,,,,11,2,5,M,
223,18,0,0,0,8,multiple_choice,4,B,,,,,,,,11,2,5,M,
224,48,0,0,0,9,free_response,2,0,4.5,4.5,,,,,,11,2,5,M,
225,48,2,19,0,10,free_response,3,0,135,135,,,,,,11,2,5,M,
226,47,0,0,0,11,free_response,2,0,32,32,,,,,,11,2,5,M,
227,15,63,0,0,12,free_response,4,0,0.066,0.067,,,,,,11,2,5,M,
228,3,23,0,0,13,free_response,3,0,1750,1750,,,,,,11,2,5,M,
229,17,1,0,0,14,free_response,3,0,4.25,8.5,,,,,,11,2,5,M,
230,24,48,0,0,15,free_response,3,0,8,8,,,,,,11,2,5,M,
231,24,14,0,0,16,free_response,4,0,9,9,,,,,,11,2,5,M,
232,48,54,0,0,17,free_response,4,0,40,40,,,,,,11,2,5,M,
233,48,49,0,0,18,free_response,5,0,1.6,1.6,,,,,,11,2,5,M,
234,31,0,0,0,1,multiple_choice,1,D,,,,,,,,12,2,6,W,
235,16,0,0,0,2,multiple_choice,1,E,,,,,,,,12,2,6,W,
236,26,0,0,0,3,multiple_choice,1,C,,,,,,,,12,2,6,W,
237,8,0,0,0,4,multiple_choice,2,C,,,,,,,,12,2,6,W,
238,43,0,0,0,5,multiple_choice,1,B,,,,,,,,12,2,6,W,
239,36,16,0,0,6,multiple_choice,2,C,,,,,,,,12,2,6,W,
240,26,0,0,0,7,multiple_choice,3,C,,,,,,,,12,2,6,W,
241,28,0,0,0,8,multiple_choice,1,A,,,,,,,,12,2,6,W,
242,26,0,0,0,9,multiple_choice,3,D,,,,,,,,12,2,6,W,
243,28,0,0,0,10,multiple_choice,4,A,,,,,,,,12,2,6,W,
244,28,0,0,0,11,multiple_choice,4,A,,,,,,,,12,2,6,W,
245,50,0,0,0,12,multiple_choice,1,B,,,,,,,,12,2,6,W,
246,59,0,0,0,13,multiple_choice,1,D,,,,,,,,12,2,6,W,
247,59,0,0,0,14,multiple_choice,3,C,,,,,,,,12,2,6,W,
248,27,0,0,0,15,multiple_choice,3,B,,,,,,,,12,2,6,W,
249,59,0,0,0,16,multiple_choice,2,C,,,,,,,,12,2,6,W,
250,29,0,0,0,17,multiple_choice,3,D,,,,,,,,12,2,6,W,
251,51,0,0,0,18,multiple_choice,3,C,,,,,,,,12,2,6,W,
252,28,0,0,0,19,multiple_choice,2,E,,,,,,,,12,2,6,W,
253,52,0,0,0,20,multiple_choice,3,B,,,,,,,,12,2,6,W,
254,31,0,0,0,21,multiple_choice,3,C,,,,,,,,12,2,6,W,
255,52,0,0,0,22,multiple_choice,3,D,,,,,,,,12,2,6,W,
256,8,0,0,0,23,multiple_choice,3,A,,,,,,,,12,2,6,W,
257,28,0,0,0,24,multiple_choice,3,E,,,,,,,,12,2,6,W,
258,52,0,0,0,25,multiple_choice,4,C,,,,,,,,12,2,6,W,
259,8,0,0,0,26,multiple_choice,5,D,,,,,,,,12,2,6,W,
260,28,0,0,0,27,multiple_choice,4,E,,,,,,,,12,2,6,W,
261,57,0,0,0,28,multiple_choice,5,C,,,,,,,,12,2,6,W,
262,28,0,0,0,29,multiple_choice,5,E,,,,,,,,12,2,6,W,
263,32,0,0,0,30,multiple_choice,3,E,,,,,,,,12,2,6,W,
264,32,0,0,0,31,multiple_choice,2,C,,,,,,,,12,2,6,W,
265,32,0,0,0,32,multiple_choice,3,C,,,,,,,,12,2,6,W,
266,32,0,0,0,33,multiple_choice,4,A,,,,,,,,12,2,6,W,
267,32,0,0,0,34,multiple_choice,3,E,,,,,,,,12,2,6,W,
268,32,0,0,0,35,multiple_choice,4,B,,,,,,,,12,2,6,W,
269,61,0,0,0,1,multiple_choice,1,D,,,,,,,,13,2,7,CR,
270,61,0,0,0,2,multiple_choice,3,C,,,,,,,,13,2,7,CR,
271,61,0,0,0,3,multiple_choice,5,D,,,,,,,,13,2,7,CR,
272,61,0,0,0,4,multiple_choice,4,E,,,,,,,,13,2,7,CR,
273,61,0,0,0,5,multiple_choice,5,A,,,,,,,,13,2,7,CR,
274,22,0,0,0,6,multiple_choice,2,D,,,,,,,,13,2,7,CR,
275,10,0,0,0,7,multiple_choice,3,B,,,,,,,,13,2,7,CR,
276,53,0,0,0,8,multiple_choice,2,C,,,,,,,,13,2,7,CR,
277,22,0,0,0,9,multiple_choice,5,B,,,,,,,,13,2,7,CR,
278,53,0,0,0,10,multiple_choice,4,E,,,,,,,,13,2,7,CR,
279,22,0,0,0,11,multiple_choice,3,A,,,,,,,,13,2,7,CR,
280,22,0,0,0,12,multiple_choice,3,E,,,,,,,,13,2,7,CR,
281,22,0,0,0,13,multiple_choice,2,B,,,,,,,,13,2,7,CR,
282,22,0,0,0,14,multiple_choice,4,B,,,,,,,,13,2,7,CR,
283,55,0,0,0,15,multiple_choice,3,D,,,,,,,,13,2,7,CR,
284,62,0,0,0,16,multiple_choice,4,C,,,,,,,,13,2,7,CR,
285,22,0,0,0,17,multiple_choice,2,B,,,,,,,,13,2,7,CR,
286,22,0,0,0,18,multiple_choice,2,E,,,,,,,,13,2,7,CR,
287,55,0,0,0,19,multiple_choice,3,B,,,,,,,,13,2,7,CR,
288,22,0,0,0,20,multiple_choice,3,E,,,,,,,,13,2,7,CR,
289,53,0,0,0,21,multiple_choice,3,D,,,,,,,,13,2,7,CR,
290,22,0,0,0,22,multiple_choice,3,B,,,,,,,,13,2,7,CR,
291,22,0,0,0,23,multiple_choice,2,E,,,,,,,,13,2,7,CR,
292,55,0,0,0,24,multiple_choice,3,D,,,,,,,,13,2,7,CR,
293,15,0,0,0,1,multiple_choice,1,B,,,,,,,,14,2,8,M,
294,38,0,0,0,2,multiple_choice,1,D,,,,,,,,14,2,8,M,
295,17,44,0,0,3,multiple_choice,1,C,,,,,,,,14,2,8,M,
296,48,0,0,0,4,multiple_choice,2,C,,,,,,,,14,2,8,M,
297,2,19,0,0,5,multiple_choice,2,B,,,,,,,,14,2,8,M,
298,37,0,0,0,6,multiple_choice,2,C,,,,,,,,14,2,8,M,
299,64,0,0,0,7,multiple_choice,3,A,,,,,,,,14,2,8,M,
300,11,48,0,0,8,multiple_choice,3,A,,,,,,,,14,2,8,M,
301,56,0,0,0,9,multiple_choice,2,A,,,,,,,,14,2,8,M,
302,14,48,13,0,10,multiple_choice,3,C,,,,,,,,14,2,8,M,
303,21,0,0,0,11,multiple_choice,3,A,,,,,,,,14,2,8,M,
304,4,49,0,0,12,multiple_choice,4,E,,,,,,,,14,2,8,M,
305,13,63,0,0,13,multiple_choice,4,B,,,,,,,,14,2,8,M,
306,2,38,0,0,14,multiple_choice,5,E,,,,,,,,14,2,8,M,
307,48,15,0,0,15,multiple_choice,5,D,,,,,,,,14,2,8,M,
308,24,37,0,0,16,multiple_choice,5,E,,,,,,,,14,2,8,M,
309,61,0,0,0,1,multiple_choice,2,C,,,,,,,,15,2,9,CR,
310,61,0,0,0,2,multiple_choice,1,B,,,,,,,,15,2,9,CR,
311,61,0,0,0,3,multiple_choice,3,A,,,,,,,,15,2,9,CR,
312,61,0,0,0,4,multiple_choice,4,D,,,,,,,,15,2,9,CR,
313,61,0,0,0,5,multiple_choice,5,A,,,,,,,,15,2,9,CR,
314,61,0,0,0,6,multiple_choice,5,E,,,,,,,,15,2,9,CR,
315,10,0,0,0,7,multiple_choice,1,C,,,,,,,,15,2,9,CR,
316,62,0,0,0,8,multiple_choice,2,A,,,,,,,,15,2,9,CR,
317,10,0,0,0,9,multiple_choice,3,C,,,,,,,,15,2,9,CR,
318,22,0,0,0,10,multiple_choice,3,D,,,,,,,,15,2,9,CR,
319,10,0,0,0,11,multiple_choice,4,E,,,,,,,,15,2,9,CR,
320,10,0,0,0,12,multiple_choice,3,C,,,,,,,,15,2,9,CR,
321,12,0,0,0,13,multiple_choice,3,B,,,,,,,,15,2,9,CR,
322,22,0,0,0,14,multiple_choice,4,D,,,,,,,,15,2,9,CR,
323,62,0,0,0,15,multiple_choice,4,E,,,,,,,,15,2,9,CR,
324,10,0,0,0,16,multiple_choice,2,D,,,,,,,,15,2,9,CR,
325,22,0,0,0,17,multiple_choice,3,E,,,,,,,,15,2,9,CR,
326,55,0,0,0,18,multiple_choice,4,C,,,,,,,,15,2,9,CR,
327,59,0,0,0,1,multiple_choice,1,B,,,,,,,,16,2,10,W,
328,33,0,0,0,2,multiple_choice,1,C,,,,,,,,16,2,10,W,
329,59,16,0,0,3,multiple_choice,1,C,,,,,,,,16,2,10,W,
330,43,0,0,0,4,multiple_choice,2,B,,,,,,,,16,2,10,W,
331,6,0,0,0,5,multiple_choice,1,E,,,,,,,,16,2,10,W,
332,26,0,0,0,6,multiple_choice,1,E,,,,,,,,16,2,10,W,
333,28,0,0,0,7,multiple_choice,3,A,,,,,,,,16,2,10,W,
334,31,0,0,0,8,multiple_choice,3,D,,,,,,,,16,2,10,W,
335,28,0,0,0,9,multiple_choice,2,A,,,,,,,,16,2,10,W,
336,33,0,0,0,10,multiple_choice,3,B,,,,,,,,16,2,10,W,
337,5,0,0,0,11,multiple_choice,4,D,,,,,,,,16,2,10,W,
338,59,16,0,0,12,multiple_choice,3,E,,,,,,,,16,2,10,W,
339,28,0,0,0,13,multiple_choice,3,A,,,,,,,,16,2,10,W,
340,33,0,0,0,14,multiple_choice,3,C,,,,,,,,16,2,10,W,
341,48,0,0,0,1,multiple_choice,1,A,,,,,,,,17,3,2,M,
342,11,0,0,0,2,multiple_choice,1,C,,,,,,,,17,3,2,M,
343,20,0,0,0,3,multiple_choice,1,B,,,,,,,,17,3,2,M,
344,20,0,0,0,4,multiple_choice,2,D,,,,,,,,17,3,2,M,
345,2,0,0,0,5,multiple_choice,2,E,,,,,,,,17,3,2,M,
346,48,0,0,0,6,multiple_choice,2,B,,,,,,,,17,3,2,M,
347,2,4,0,0,7,multiple_choice,2,B,,,,,,,,17,3,2,M,
348,13,30,0,0,8,multiple_choice,2,D,,,,,,,,17,3,2,M,
349,21,63,0,0,9,multiple_choice,3,C,,,,,,,,17,3,2,M,
350,13,17,0,0,10,multiple_choice,3,D,,,,,,,,17,3,2,M,
351,3,48,0,0,11,multiple_choice,3,E,,,,,,,,17,3,2,M,
352,45,24,0,0,12,multiple_choice,3,D,,,,,,,,17,3,2,M,
353,48,15,0,0,13,multiple_choice,3,D,,,,,,,,17,3,2,M,
354,21,48,24,0,14,multiple_choice,3,C,,,,,,,,17,3,2,M,
355,15,0,0,0,15,multiple_choice,3,A,,,,,,,,17,3,2,M,
356,17,0,0,0,16,multiple_choice,4,A,,,,,,,,17,3,2,M,
357,4,0,0,0,17,multiple_choice,4,C,,,,,,,,17,3,2,M,
358,18,0,0,0,18,multiple_choice,4,A,,,,,,,,17,3,2,M,
359,17,0,0,0,19,multiple_choice,4,C,,,,,,,,17,3,2,M,
360,49,48,63,0,20,multiple_choice,5,B,,,,,,,,17,3,2,M,
361,61,0,0,0,1,multiple_choice,1,B,,,,,,,,18,3,4,CR,
362,61,0,0,0,2,multiple_choice,1,E,,,,,,,,18,3,4,CR,
363,61,0,0,0,3,multiple_choice,2,D,,,,,,,,18,3,4,CR,
364,61,0,0,0,4,multiple_choice,3,C,,,,,,,,18,3,4,CR,
365,61,0,0,0,5,multiple_choice,1,C,,,,,,,,18,3,4,CR,
366,61,0,0,0,6,multiple_choice,3,D,,,,,,,,18,3,4,CR,
367,61,0,0,0,7,multiple_choice,3,D,,,,,,,,18,3,4,CR,
368,61,0,0,0,8,multiple_choice,5,C,,,,,,,,18,3,4,CR,
369,53,0,0,0,9,multiple_choice,3,A,,,,,,,,18,3,4,CR,
370,10,0,0,0,10,multiple_choice,5,E,,,,,,,,18,3,4,CR,
371,22,0,0,0,11,multiple_choice,4,D,,,,,,,,18,3,4,CR,
372,22,0,0,0,12,multiple_choice,3,E,,,,,,,,18,3,4,CR,
373,22,0,0,0,13,multiple_choice,3,C,,,,,,,,18,3,4,CR,
374,22,0,0,0,14,multiple_choice,3,B,,,,,,,,18,3,4,CR,
375,12,0,0,0,15,multiple_choice,3,E,,,,,,,,18,3,4,CR,
376,22,0,0,0,16,multiple_choice,3,E,,,,,,,,18,3,4,CR,
377,22,0,0,0,17,multiple_choice,4,A,,,,,,,,18,3,4,CR,
378,22,0,0,0,18,multiple_choice,4,D,,,,,,,,18,3,4,CR,
379,22,0,0,0,19,multiple_choice,4,E,,,,,,,,18,3,4,CR,
380,62,0,0,0,20,multiple_choice,4,D,,,,,,,,18,3,4,CR,
381,10,0,0,0,21,multiple_choice,4,B,,,,,,,,18,3,4,CR,
382,22,0,0,0,22,multiple_choice,3,B,,,,,,,,18,3,4,CR,
383,10,0,0,0,23,multiple_choice,3,C,,,,,,,,18,3,4,CR,
384,55,0,0,0,24,multiple_choice,3,A,,,,,,,,18,3,4,CR,
385,3,0,0,0,1,multiple_choice,1,A,,,,,,,,19,3,5,M,
386,4,64,0,0,2,multiple_choice,1,B,,,,,,,,19,3,5,M,
387,48,54,0,0,3,multiple_choice,1,D,,,,,,,,19,3,5,M,
388,58,0,0,0,4,multiple_choice,1,B,,,,,,,,19,3,5,M,
389,42,38,0,0,5,multiple_choice,4,A,,,,,,,,19,3,5,M,
390,9,48,0,0,6,multiple_choice,3,E,,,,,,,,19,3,5,M,
391,20,0,0,0,7,multiple_choice,4,C,,,,,,,,19,3,5,M,
392,48,14,0,0,8,multiple_choice,5,B,,,,,,,,19,3,5,M,
393,15,0,0,0,9,free_response,1,0,46.5,46.5,,,,,,19,3,5,M,
394,4,0,0,0,10,free_response,2,0,4,4,,,,,,19,3,5,M,
395,48,13,0,0,11,multi_free_response,2,0,0,0,,,,,,19,3,5,M,
396,48,64,0,0,12,free_response,3,0,13,13,,,,,,19,3,5,M,
397,23,0,0,0,13,free_response,2,0,1992,1992,,,,,,19,3,5,M,
398,48,0,0,0,14,free_response,3,0,1.25,1.25,,,,,,19,3,5,M,
399,2,19,0,0,15,free_response,4,0,90,90,,,,,,19,3,5,M,
400,44,0,0,0,16,free_response,4,0,67,67,,,,,,19,3,5,M,
401,48,38,0,0,17,free_response,4,0,100,100,,,,,,19,3,5,M,
402,49,17,0,0,18,free_response,4,0,0.5,0.5,,,,,,19,3,5,M,
403,57,0,0,0,1,multiple_choice,1,B,,,,,,,,20,3,6,W,
404,8,0,0,0,2,multiple_choice,1,B,,,,,,,,20,3,6,W,
405,28,0,0,0,3,multiple_choice,1,A,,,,,,,,20,3,6,W,
406,29,0,0,0,4,multiple_choice,1,B,,,,,,,,20,3,6,W,
407,43,39,0,0,5,multiple_choice,2,D,,,,,,,,20,3,6,W,
408,43,31,0,0,6,multiple_choice,3,C,,,,,,,,20,3,6,W,
409,31,0,0,0,7,multiple_choice,2,E,,,,,,,,20,3,6,W,
410,26,0,0,0,8,multiple_choice,2,D,,,,,,,,20,3,6,W,
411,6,16,0,0,9,multiple_choice,3,D,,,,,,,,20,3,6,W,
412,28,0,0,0,10,multiple_choice,5,A,,,,,,,,20,3,6,W,
413,5,0,0,0,11,multiple_choice,5,B,,,,,,,,20,3,6,W,
414,31,0,0,0,12,multiple_choice,1,D,,,,,,,,20,3,6,W,
415,5,0,0,0,13,multiple_choice,1,D,,,,,,,,20,3,6,W,
416,59,16,0,0,14,multiple_choice,2,A,,,,,,,,20,3,6,W,
417,52,0,0,0,15,multiple_choice,3,A,,,,,,,,20,3,6,W,
418,26,0,0,0,16,multiple_choice,3,D,,,,,,,,20,3,6,W,
419,27,0,0,0,17,multiple_choice,2,C,,,,,,,,20,3,6,W,
420,28,0,0,0,18,multiple_choice,2,E,,,,,,,,20,3,6,W,
421,52,0,0,0,19,multiple_choice,3,B,,,,,,,,20,3,6,W,
422,51,0,0,0,20,multiple_choice,3,C,,,,,,,,20,3,6,W,
423,59,26,0,0,21,multiple_choice,3,D,,,,,,,,20,3,6,W,
424,51,0,0,0,22,multiple_choice,5,A,,,,,,,,20,3,6,W,
425,52,0,0,0,23,multiple_choice,4,B,,,,,,,,20,3,6,W,
426,59,0,0,0,24,multiple_choice,3,A,,,,,,,,20,3,6,W,
427,5,0,0,0,25,multiple_choice,4,D,,,,,,,,20,3,6,W,
428,59,0,0,0,26,multiple_choice,3,B,,,,,,,,20,3,6,W,
429,51,0,0,0,27,multiple_choice,4,C,,,,,,,,20,3,6,W,
430,28,0,0,0,28,multiple_choice,4,E,,,,,,,,20,3,6,W,
431,40,0,0,0,29,multiple_choice,5,D,,,,,,,,20,3,6,W,
432,32,0,0,0,30,multiple_choice,3,E,,,,,,,,20,3,6,W,
433,32,0,0,0,31,multiple_choice,3,B,,,,,,,,20,3,6,W,
434,32,0,0,0,32,multiple_choice,3,D,,,,,,,,20,3,6,W,
435,32,0,0,0,33,multiple_choice,4,A,,,,,,,,20,3,6,W,
436,32,0,0,0,34,multiple_choice,4,C,,,,,,,,20,3,6,W,
437,32,0,0,0,35,multiple_choice,3,E,,,,,,,,20,3,6,W,
438,61,0,0,0,1,multiple_choice,3,E,,,,,,,,21,3,7,CR,
439,61,0,0,0,2,multiple_choice,3,D,,,,,,,,21,3,7,CR,
440,61,0,0,0,3,multiple_choice,4,E,,,,,,,,21,3,7,CR,
441,61,0,0,0,4,multiple_choice,4,C,,,,,,,,21,3,7,CR,
442,61,0,0,0,5,multiple_choice,5,A,,,,,,,,21,3,7,CR,
443,22,0,0,0,6,multiple_choice,2,B,,,,,,,,21,3,7,CR,
444,22,0,0,0,7,multiple_choice,5,C,,,,,,,,21,3,7,CR,
445,53,0,0,0,8,multiple_choice,2,D,,,,,,,,21,3,7,CR,
446,53,0,0,0,9,multiple_choice,2,B,,,,,,,,21,3,7,CR,
447,55,0,0,0,10,multiple_choice,3,B,,,,,,,,21,3,7,CR,
448,62,0,0,0,11,multiple_choice,2,B,,,,,,,,21,3,7,CR,
449,22,0,0,0,12,multiple_choice,3,C,,,,,,,,21,3,7,CR,
450,22,0,0,0,13,multiple_choice,3,E,,,,,,,,21,3,7,CR,
451,22,0,0,0,14,multiple_choice,2,C,,,,,,,,21,3,7,CR,
452,10,0,0,0,15,multiple_choice,5,C,,,,,,,,21,3,7,CR,
453,62,0,0,0,16,multiple_choice,1,C,,,,,,,,21,3,7,CR,
454,22,0,0,0,17,multiple_choice,5,E,,,,,,,,21,3,7,CR,
455,62,0,0,0,18,multiple_choice,1,D,,,,,,,,21,3,7,CR,
456,10,0,0,0,19,multiple_choice,4,B,,,,,,,,21,3,7,CR,
457,22,0,0,0,20,multiple_choice,3,D,,,,,,,,21,3,7,CR,
458,22,0,0,0,21,multiple_choice,3,E,,,,,,,,21,3,7,CR,
459,10,0,0,0,22,multiple_choice,3,C,,,,,,,,21,3,7,CR,
460,12,0,0,0,23,multiple_choice,3,B,,,,,,,,21,3,7,CR,
461,53,0,0,0,24,multiple_choice,4,D,,,,,,,,21,3,7,CR,
462,48,15,0,0,1,multiple_choice,1,C,,,,,,,,22,3,8,M,
463,58,0,0,0,2,multiple_choice,2,B,,,,,,,,22,3,8,M,
464,3,23,0,0,3,multiple_choice,1,D,,,,,,,,22,3,8,M,
465,15,0,0,0,4,multiple_choice,2,A,,,,,,,,22,3,8,M,
466,48,13,0,0,5,multiple_choice,2,C,,,,,,,,22,3,8,M,
467,38,2,0,0,6,multiple_choice,2,A,,,,,,,,22,3,8,M,
468,1,0,0,0,7,multiple_choice,2,A,,,,,,,,22,3,8,M,
469,38,42,0,0,8,multiple_choice,2,D,,,,,,,,22,3,8,M,
470,23,15,0,0,9,multiple_choice,3,C,,,,,,,,22,3,8,M,
471,64,46,0,0,10,multiple_choice,3,E,,,,,,,,22,3,8,M,
472,48,0,0,0,11,multiple_choice,3,E,,,,,,,,22,3,8,M,
473,37,0,0,0,12,multiple_choice,3,B,,,,,,,,22,3,8,M,
474,24,0,0,0,13,multiple_choice,4,E,,,,,,,,22,3,8,M,
475,64,17,0,0,14,multiple_choice,3,D,,,,,,,,22,3,8,M,
476,44,0,0,0,15,multiple_choice,4,C,,,,,,,,22,3,8,M,
477,4,47,0,0,16,multiple_choice,5,D,,,,,,,,22,3,8,M,
478,61,0,0,0,1,multiple_choice,3,C,,,,,,,,23,3,9,CR,
479,61,0,0,0,2,multiple_choice,3,D,,,,,,,,23,3,9,CR,
480,61,0,0,0,3,multiple_choice,4,A,,,,,,,,23,3,9,CR,
481,61,0,0,0,4,multiple_choice,4,B,,,,,,,,23,3,9,CR,
482,61,0,0,0,5,multiple_choice,4,A,,,,,,,,23,3,9,CR,
483,61,0,0,0,6,multiple_choice,5,A,,,,,,,,23,3,9,CR,
484,55,0,0,0,7,multiple_choice,2,E,,,,,,,,23,3,9,CR,
485,10,0,0,0,8,multiple_choice,2,C,,,,,,,,23,3,9,CR,
486,55,0,0,0,9,multiple_choice,4,C,,,,,,,,23,3,9,CR,
487,22,0,0,0,10,multiple_choice,3,D,,,,,,,,23,3,9,CR,
488,10,0,0,0,11,multiple_choice,3,A,,,,,,,,23,3,9,CR,
489,22,0,0,0,12,multiple_choice,2,C,,,,,,,,23,3,9,CR,
490,10,0,0,0,13,multiple_choice,1,D,,,,,,,,23,3,9,CR,
491,22,0,0,0,14,multiple_choice,2,C,,,,,,,,23,3,9,CR,
492,10,0,0,0,15,multiple_choice,1,D,,,,,,,,23,3,9,CR,
493,22,0,0,0,16,multiple_choice,3,A,,,,,,,,23,3,9,CR,
494,62,0,0,0,17,multiple_choice,2,C,,,,,,,,23,3,9,CR,
495,10,0,0,0,18,multiple_choice,1,E,,,,,,,,23,3,9,CR,
496,22,0,0,0,19,multiple_choice,2,D,,,,,,,,23,3,9,CR,
497,28,0,0,0,1,multiple_choice,1,A,,,,,,,,24,3,10,W,
498,16,59,0,0,2,multiple_choice,1,B,,,,,,,,24,3,10,W,
499,16,59,6,0,3,multiple_choice,1,C,,,,,,,,24,3,10,W,
500,59,0,0,0,4,multiple_choice,2,D,,,,,,,,24,3,10,W,
501,59,0,0,0,5,multiple_choice,1,C,,,,,,,,24,3,10,W,
502,39,43,0,0,6,multiple_choice,2,D,,,,,,,,24,3,10,W,
503,33,0,0,0,7,multiple_choice,2,B,,,,,,,,24,3,10,W,
504,6,33,0,0,8,multiple_choice,3,C,,,,,,,,24,3,10,W,
505,27,0,0,0,9,multiple_choice,3,E,,,,,,,,24,3,10,W,
506,40,0,0,0,10,multiple_choice,3,B,,,,,,,,24,3,10,W,
507,28,0,0,0,11,multiple_choice,3,A,,,,,,,,24,3,10,W,
508,59,0,0,0,12,multiple_choice,5,E,,,,,,,,24,3,10,W,
509,8,0,0,0,13,multiple_choice,4,E,,,,,,,,24,3,10,W,
510,28,0,0,0,14,multiple_choice,5,A,,,,,,,,24,3,10,W,
511,16,60,0,0,1,multiple_choice,1,B,,,,,,,,25,4,10,W,
512,26,0,0,0,10,multiple_choice,3,B,,,,,,,,25,4,10,W,
513,8,0,0,0,11,multiple_choice,3,C,,,,,,,,25,4,10,W,
514,26,0,0,0,12,multiple_choice,3,D,,,,,,,,25,4,10,W,
515,31,0,0,0,13,multiple_choice,3,C,,,,,,,,25,4,10,W,
516,26,0,0,0,14,multiple_choice,5,D,,,,,,,,25,4,10,W,
517,59,16,16,0,2,multiple_choice,1,B,,,,,,,,25,4,10,W,
518,28,0,0,0,3,multiple_choice,3,A,,,,,,,,25,4,10,W,
519,59,0,0,0,4,multiple_choice,1,B,,,,,,,,25,4,10,W,
520,59,0,0,0,5,multiple_choice,1,D,,,,,,,,25,4,10,W,
521,8,0,0,0,6,multiple_choice,1,E,,,,,,,,25,4,10,W,
522,31,0,0,0,7,multiple_choice,1,E,,,,,,,,25,4,10,W,
523,28,0,0,0,8,multiple_choice,3,A,,,,,,,,25,4,10,W,
524,57,0,0,0,9,multiple_choice,3,D,,,,,,,,25,4,10,W,
525,22,0,0,0,10,multiple_choice,3,B,,,,,,,,26,4,2,CR,
526,10,0,0,0,11,multiple_choice,1,E,,,,,,,,26,4,2,CR,
527,53,0,0,0,12,multiple_choice,1,C,,,,,,,,26,4,2,CR,
528,22,0,0,0,13,multiple_choice,3,A,,,,,,,,26,4,2,CR,
529,62,0,0,0,14,multiple_choice,3,C,,,,,,,,26,4,2,CR,
530,22,0,0,0,15,multiple_choice,3,E,,,,,,,,26,4,2,CR,
531,10,0,0,0,16,multiple_choice,3,D,,,,,,,,26,4,2,CR,
532,10,0,0,0,17,multiple_choice,3,D,,,,,,,,26,4,2,CR,
533,62,0,0,0,18,multiple_choice,3,D,,,,,,,,26,4,2,CR,
534,22,0,0,0,19,multiple_choice,3,E,,,,,,,,26,4,2,CR,
535,10,0,0,0,20,multiple_choice,3,C,,,,,,,,26,4,2,CR,
536,22,0,0,0,21,multiple_choice,3,A,,,,,,,,26,4,2,CR,
537,10,0,0,0,22,multiple_choice,3,B,,,,,,,,26,4,2,CR,
538,55,0,0,0,23,multiple_choice,5,B,,,,,,,,26,4,2,CR,
539,22,0,0,0,24,multiple_choice,3,A,,,,,,,,26,4,2,CR,
540,10,0,0,0,9,multiple_choice,5,C,,,,,,,,26,4,2,CR,
541,61,0,0,0,1,multiple_choice,1,D,,,,,,,,26,4,2,CR,
542,61,0,0,0,2,multiple_choice,1,C,,,,,,,,26,4,2,CR,
543,61,0,0,0,3,multiple_choice,3,A,,,,,,,,26,4,2,CR,
544,61,0,0,0,4,multiple_choice,3,B,,,,,,,,26,4,2,CR,
545,61,0,0,0,5,multiple_choice,3,C,,,,,,,,26,4,2,CR,
546,61,0,0,0,6,multiple_choice,3,C,,,,,,,,26,4,2,CR,
547,61,0,0,0,7,multiple_choice,5,D,,,,,,,,26,4,2,CR,
548,61,0,0,0,8,multiple_choice,5,A,,,,,,,,26,4,2,CR,
549,48,21,0,0,1,multiple_choice,1,E,,,,,,,,27,4,3,M,
550,17,0,0,0,10,multiple_choice,3,D,,,,,,,,27,4,3,M,
551,2,19,0,0,11,multiple_choice,3,A,,,,,,,,27,4,3,M,
552,64,17,0,0,12,multiple_choice,3,D,,,,,,,,27,4,3,M,
553,25,23,0,0,13,multiple_choice,3,E,,,,,,,,27,4,3,M,
554,2,38,0,0,14,multiple_choice,3,D,,,,,,,,27,4,3,M,
555,14,0,0,0,15,multiple_choice,3,C,,,,,,,,27,4,3,M,
556,46,0,0,0,16,multiple_choice,3,C,,,,,,,,27,4,3,M,
557,58,0,0,0,17,multiple_choice,3,A,,,,,,,,27,4,3,M,
558,63,0,0,0,18,multiple_choice,5,A,,,,,,,,27,4,3,M,
559,4,0,0,0,19,multiple_choice,5,A,,,,,,,,27,4,3,M,
560,48,13,0,0,2,multiple_choice,1,A,,,,,,,,27,4,3,M,
561,63,15,0,0,20,multiple_choice,5,E,,,,,,,,27,4,3,M,
562,48,0,0,0,3,multiple_choice,1,E,,,,,,,,27,4,3,M,
563,20,0,0,0,4,multiple_choice,1,E,,,,,,,,27,4,3,M,
564,24,0,0,0,5,multiple_choice,1,B,,,,,,,,27,4,3,M,
565,48,15,0,0,6,multiple_choice,1,A,,,,,,,,27,4,3,M,
566,11,0,0,0,7,multiple_choice,3,E,,,,,,,,27,4,3,M,
567,37,0,0,0,8,multiple_choice,3,E,,,,,,,,27,4,3,M,
568,44,0,0,0,9,multiple_choice,3,D,,,,,,,,27,4,3,M,
569,55,0,0,0,10,multiple_choice,3,A,,,,,,,,28,4,5,CR,
570,22,0,0,0,11,multiple_choice,3,A,,,,,,,,28,4,5,CR,
571,22,0,0,0,12,multiple_choice,3,D,,,,,,,,28,4,5,CR,
572,10,0,0,0,13,multiple_choice,1,C,,,,,,,,28,4,5,CR,
573,22,0,0,0,14,multiple_choice,3,B,,,,,,,,28,4,5,CR,
574,22,0,0,0,15,multiple_choice,3,A,,,,,,,,28,4,5,CR,
575,53,0,0,0,16,multiple_choice,3,E,,,,,,,,28,4,5,CR,
576,62,0,0,0,17,multiple_choice,1,D,,,,,,,,28,4,5,CR,
577,53,0,0,0,18,multiple_choice,1,A,,,,,,,,28,4,5,CR,
578,22,0,0,0,19,multiple_choice,3,C,,,,,,,,28,4,5,CR,
579,22,0,0,0,20,multiple_choice,5,E,,,,,,,,28,4,5,CR,
580,22,0,0,0,21,multiple_choice,3,A,,,,,,,,28,4,5,CR,
581,12,0,0,0,22,multiple_choice,3,C,,,,,,,,28,4,5,CR,
582,10,0,0,0,23,multiple_choice,3,B,,,,,,,,28,4,5,CR,
583,22,0,0,0,24,multiple_choice,3,B,,,,,,,,28,4,5,CR,
584,53,0,0,0,6,multiple_choice,1,B,,,,,,,,28,4,5,CR,
585,22,0,0,0,7,multiple_choice,3,D,,,,,,,,28,4,5,CR,
586,22,0,0,0,8,multiple_choice,3,B,,,,,,,,28,4,5,CR,
587,12,0,0,0,9,multiple_choice,1,E,,,,,,,,28,4,5,CR,
588,61,0,0,0,1,multiple_choice,3,B,,,,,,,,28,4,5,CR,
589,61,0,0,0,2,multiple_choice,3,E,,,,,,,,28,4,5,CR,
590,61,0,0,0,3,multiple_choice,5,E,,,,,,,,28,4,5,CR,
591,61,0,0,0,4,multiple_choice,5,A,,,,,,,,28,4,5,CR,
592,61,0,0,0,5,multiple_choice,5,E,,,,,,,,28,4,5,CR,
593,15,0,0,0,1,multiple_choice,1,D,,,,,,,,29,4,6,M,
594,30,0,0,0,10,free_response,1,,57.5,57.5,,,,,,29,4,6,M,
595,38,0,0,0,11,free_response,3,,110,110,,,,,,29,4,6,M,
596,48,13,0,0,12,free_response,3,,9,9,,,,,,29,4,6,M,
597,4,2,0,0,13,multi_free_response,3,,,,13,14,15,16,17,29,4,6,M,
598,48,44,0,0,14,free_response,3,,5,5,,,,,,29,4,6,M,
599,38,63,15,0,15,free_response,3,,0.5,0.5,,,,,,29,4,6,M,
600,17,48,13,0,16,multi_free_response,5,,,,2,7,,,,29,4,6,M,
601,23,24,0,0,17,free_response,5,,149,149,,,,,,29,4,6,M,
602,18,0,0,0,18,free_response,5,,72,72,,,,,,29,4,6,M,
603,2,19,0,0,2,multiple_choice,1,D,,,,,,,,29,4,6,M,
604,23,24,0,0,3,multiple_choice,1,A,,,,,,,,29,4,6,M,
605,17,0,0,0,4,multiple_choice,1,E,,,,,,,,29,4,6,M,
606,63,0,0,0,5,multiple_choice,3,D,,,,,,,,29,4,6,M,
607,15,0,0,0,6,multiple_choice,3,B,,,,,,,,29,4,6,M,
608,48,13,0,0,7,multiple_choice,3,C,,,,,,,,29,4,6,M,
609,2,63,0,0,8,multiple_choice,5,E,,,,,,,,29,4,6,M,
610,48,0,0,0,9,free_response,1,,1404,1404,,,,,,29,4,6,M,
611,5,0,0,0,1,multiple_choice,1,E,,,,,,,,30,4,7,W,
612,8,0,0,0,10,multiple_choice,3,C,,,,,,,,30,4,7,W,
613,8,57,0,0,11,multiple_choice,3,C,,,,,,,,30,4,7,W,
614,59,0,0,0,12,multiple_choice,1,C,,,,,,,,30,4,7,W,
615,28,0,0,0,13,multiple_choice,1,E,,,,,,,,30,4,7,W,
616,27,0,0,0,14,multiple_choice,1,B,,,,,,,,30,4,7,W,
617,8,51,0,0,15,multiple_choice,1,D,,,,,,,,30,4,7,W,
618,8,0,0,0,16,multiple_choice,1,D,,,,,,,,30,4,7,W,
619,28,0,0,0,17,multiple_choice,3,E,,,,,,,,30,4,7,W,
620,59,0,0,0,18,multiple_choice,1,A,,,,,,,,30,4,7,W,
621,28,0,0,0,19,multiple_choice,1,E,,,,,,,,30,4,7,W,
622,43,0,0,0,2,multiple_choice,1,B,,,,,,,,30,4,7,W,
623,59,0,0,0,20,multiple_choice,3,D,,,,,,,,30,4,7,W,
624,50,0,0,0,21,multiple_choice,3,B,,,,,,,,30,4,7,W,
625,60,0,0,0,22,multiple_choice,3,B,,,,,,,,30,4,7,W,
626,28,0,0,0,23,multiple_choice,3,E,,,,,,,,30,4,7,W,
627,8,0,0,0,24,multiple_choice,3,A,,,,,,,,30,4,7,W,
628,8,0,0,0,25,multiple_choice,3,A,,,,,,,,30,4,7,W,
629,50,0,0,0,26,multiple_choice,3,B,,,,,,,,30,4,7,W,
630,52,0,0,0,27,multiple_choice,3,B,,,,,,,,30,4,7,W,
631,51,0,0,0,28,multiple_choice,5,C,,,,,,,,30,4,7,W,
632,7,0,0,0,29,multiple_choice,5,B,,,,,,,,30,4,7,W,
633,5,0,0,0,3,multiple_choice,1,B,,,,,,,,30,4,7,W,
634,32,0,0,0,30,multiple_choice,1,D,,,,,,,,30,4,7,W,
635,32,0,0,0,31,multiple_choice,3,B,,,,,,,,30,4,7,W,
636,32,0,0,0,32,multiple_choice,3,E,,,,,,,,30,4,7,W,
637,32,0,0,0,33,multiple_choice,3,E,,,,,,,,30,4,7,W,
638,32,0,0,0,34,multiple_choice,3,C,,,,,,,,30,4,7,W,
639,32,0,0,0,35,multiple_choice,1,E,,,,,,,,30,4,7,W,
640,57,0,0,0,4,multiple_choice,1,E,,,,,,,,30,4,7,W,
641,26,0,0,0,5,multiple_choice,3,D,,,,,,,,30,4,7,W,
642,52,0,0,0,6,multiple_choice,1,C,,,,,,,,30,4,7,W,
643,28,0,0,0,7,multiple_choice,1,A,,,,,,,,30,4,7,W,
644,26,0,0,0,8,multiple_choice,1,E,,,,,,,,30,4,7,W,
645,16,60,0,0,9,multiple_choice,3,E,,,,,,,,30,4,7,W,
646,22,0,0,0,10,multiple_choice,3,D,,,,,,,,31,4,8,CR,
647,10,0,0,0,11,multiple_choice,1,C,,,,,,,,31,4,8,CR,
648,22,0,0,0,12,multiple_choice,3,A,,,,,,,,31,4,8,CR,
649,55,0,0,0,13,multiple_choice,3,B,,,,,,,,31,4,8,CR,
650,10,0,0,0,14,multiple_choice,5,E,,,,,,,,31,4,8,CR,
651,10,0,0,0,15,multiple_choice,3,B,,,,,,,,31,4,8,CR,
652,12,0,0,0,16,multiple_choice,3,E,,,,,,,,31,4,8,CR,
653,62,0,0,0,17,multiple_choice,3,D,,,,,,,,31,4,8,CR,
654,10,0,0,0,18,multiple_choice,3,B,,,,,,,,31,4,8,CR,
655,55,0,0,0,19,multiple_choice,3,A,,,,,,,,31,4,8,CR,
656,22,0,0,0,7,multiple_choice,3,B,,,,,,,,31,4,8,CR,
657,62,0,0,0,8,multiple_choice,1,B,,,,,,,,31,4,8,CR,
658,22,0,0,0,9,multiple_choice,3,D,,,,,,,,31,4,8,CR,
659,61,0,0,0,1,multiple_choice,1,D,,,,,,,,31,4,8,CR,
660,61,0,0,0,2,multiple_choice,3,A,,,,,,,,31,4,8,CR,
661,61,0,0,0,3,multiple_choice,3,E,,,,,,,,31,4,8,CR,
662,61,0,0,0,4,multiple_choice,3,D,,,,,,,,31,4,8,CR,
663,61,0,0,0,5,multiple_choice,3,A,,,,,,,,31,4,8,CR,
664,61,0,0,0,6,multiple_choice,5,D,,,,,,,,31,4,8,CR,
665,48,0,0,0,1,multiple_choice,1,C,,,,,,,,32,4,9,M,
666,24,0,0,0,10,multiple_choice,3,B,,,,,,,,32,4,9,M,
667,64,17,0,0,11,multiple_choice,3,A,,,,,,,,32,4,9,M,
668,48,0,0,0,12,multiple_choice,3,B,,,,,,,,32,4,9,M,
669,15,0,0,0,13,multiple_choice,3,C,,,,,,,,32,4,9,M,
670,48,0,0,0,14,multiple_choice,3,E,,,,,,,,32,4,9,M,
671,42,63,0,0,15,multiple_choice,3,C,,,,,,,,32,4,9,M,
672,15,37,0,0,16,multiple_choice,5,D,,,,,,,,32,4,9,M,
673,64,46,17,0,2,multiple_choice,1,D,,,,,,,,32,4,9,M,
674,23,0,0,0,3,multiple_choice,1,B,,,,,,,,32,4,9,M,
675,23,48,0,0,4,multiple_choice,1,B,,,,,,,,32,4,9,M,
676,64,17,0,0,5,multiple_choice,1,C,,,,,,,,32,4,9,M,
677,48,2,0,0,6,multiple_choice,3,C,,,,,,,,32,4,9,M,
678,48,13,0,0,7,multiple_choice,3,D,,,,,,,,32,4,9,M,
679,64,4,0,0,8,multiple_choice,3,C,,,,,,,,32,4,9,M,
680,15,0,0,0,9,multiple_choice,3,B,,,,,,,,32,4,9,M,
681,59,0,0,0,1,multiple_choice,1,B,,,,,,,,33,5,10,W,
682,52,0,0,0,10,multiple_choice,3,D,,,,,,,,33,5,10,W,
683,28,0,0,0,11,multiple_choice,3,A,,,,,,,,33,5,10,W,
684,26,0,0,0,12,multiple_choice,3,B,,,,,,,,33,5,10,W,
685,28,0,0,0,13,multiple_choice,3,A,,,,,,,,33,5,10,W,
686,33,0,0,0,14,multiple_choice,3,E,,,,,,,,33,5,10,W,
687,6,0,0,0,2,multiple_choice,1,C,,,,,,,,33,5,10,W,
688,40,0,0,0,3,multiple_choice,3,E,,,,,,,,33,5,10,W,
689,8,0,0,0,4,multiple_choice,3,E,,,,,,,,33,5,10,W,
690,16,0,0,0,5,multiple_choice,3,E,,,,,,,,33,5,10,W,
691,36,0,0,0,6,multiple_choice,3,C,,,,,,,,33,5,10,W,
692,36,0,0,0,7,multiple_choice,3,E,,,,,,,,33,5,10,W,
693,28,0,0,0,8,multiple_choice,3,A,,,,,,,,33,5,10,W,
694,59,0,0,0,9,multiple_choice,3,D,,,,,,,,33,5,10,W,
695,48,0,0,0,1,multiple_choice,1,D,,,,,,,,34,5,2,M,
696,13,37,0,0,10,multiple_choice,3,B,,,,,,,,34,5,2,M,
697,4,15,0,0,11,multiple_choice,3,C,,,,,,,,34,5,2,M,
698,11,63,0,0,12,multiple_choice,3,C,,,,,,,,34,5,2,M,
699,17,0,0,0,13,multiple_choice,3,B,,,,,,,,34,5,2,M,
700,37,0,0,0,14,multiple_choice,3,A,,,,,,,,34,5,2,M,
701,38,38,0,0,15,multiple_choice,3,C,,,,,,,,34,5,2,M,
702,63,37,0,0,16,multiple_choice,3,E,,,,,,,,34,5,2,M,
703,46,64,17,0,17,multiple_choice,3,A,,,,,,,,34,5,2,M,
704,3,63,0,0,18,multiple_choice,5,A,,,,,,,,34,5,2,M,
705,4,38,0,0,19,multiple_choice,5,C,,,,,,,,34,5,2,M,
706,48,44,0,0,2,multiple_choice,1,B,,,,,,,,34,5,2,M,
707,15,0,0,0,20,multiple_choice,5,C,,,,,,,,34,5,2,M,
708,18,0,0,0,3,multiple_choice,1,B,,,,,,,,34,5,2,M,
709,21,17,13,0,4,multiple_choice,1,D,,,,,,,,34,5,2,M,
710,48,15,0,0,5,multiple_choice,1,E,,,,,,,,34,5,2,M,
711,19,0,0,0,6,multiple_choice,1,E,,,,,,,,34,5,2,M,
712,63,0,0,0,7,multiple_choice,3,C,,,,,,,,34,5,2,M,
713,63,0,0,0,8,multiple_choice,3,A,,,,,,,,34,5,2,M,
714,48,2,19,0,9,multiple_choice,3,A,,,,,,,,34,5,2,M,
715,22,0,0,0,10,multiple_choice,3,B,,,,,,,,35,5,3,CR,
716,22,0,0,0,11,multiple_choice,1,A,,,,,,,,35,5,3,CR,
717,22,0,0,0,12,multiple_choice,3,E,,,,,,,,35,5,3,CR,
718,22,0,0,0,13,multiple_choice,3,B,,,,,,,,35,5,3,CR,
719,10,0,0,0,14,multiple_choice,3,C,,,,,,,,35,5,3,CR,
720,22,0,0,0,15,multiple_choice,5,B,,,,,,,,35,5,3,CR,
721,22,0,0,0,16,multiple_choice,1,D,,,,,,,,35,5,3,CR,
722,22,0,0,0,17,multiple_choice,1,E,,,,,,,,35,5,3,CR,
723,22,0,0,0,18,multiple_choice,1,C,,,,,,,,35,5,3,CR,
724,53,0,0,0,19,multiple_choice,3,C,,,,,,,,35,5,3,CR,
725,62,0,0,0,20,multiple_choice,1,C,,,,,,,,35,5,3,CR,
726,22,0,0,0,21,multiple_choice,3,B,,,,,,,,35,5,3,CR,
727,10,0,0,0,22,multiple_choice,3,D,,,,,,,,35,5,3,CR,
728,55,0,0,0,23,multiple_choice,5,E,,,,,,,,35,5,3,CR,
729,22,0,0,0,24,multiple_choice,3,A,,,,,,,,35,5,3,CR,
730,55,0,0,0,6,multiple_choice,3,B,,,,,,,,35,5,3,CR,
731,22,0,0,0,7,multiple_choice,3,E,,,,,,,,35,5,3,CR,
732,22,0,0,0,8,multiple_choice,5,C,,,,,,,,35,5,3,CR,
733,22,0,0,0,9,multiple_choice,3,B,,,,,,,,35,5,3,CR,
734,61,0,0,0,1,multiple_choice,1,D,,,,,,,,35,5,3,CR,
735,61,0,0,0,2,multiple_choice,1,D,,,,,,,,35,5,3,CR,
736,61,0,0,0,3,multiple_choice,3,C,,,,,,,,35,5,3,CR,
737,61,0,0,0,4,multiple_choice,3,C,,,,,,,,35,5,3,CR,
738,61,0,0,0,5,multiple_choice,5,A,,,,,,,,35,5,3,CR,
739,48,0,0,0,1,multiple_choice,1,A,,,,,,,,36,5,4,M,
740,48,1,0,0,10,free_response,1,,13,13,,,,,,36,5,4,M,
741,48,2,0,0,11,free_response,3,,135,135,,,,,,36,5,4,M,
742,25,0,0,0,12,free_response,3,,45,45,,,,,,36,5,4,M,
743,48,17,0,0,13,free_response,3,,28,28,,,,,,36,5,4,M,
744,48,38,2,19,14,free_response,3,,70,70,,,,,,36,5,4,M,
745,15,0,0,0,15,free_response,3,,0.466,0.467,,,,,,36,5,4,M,
746,63,15,0,0,16,free_response,5,,3,3,,,,,,36,5,4,M,
747,13,30,0,0,17,free_response,5,,0.444,0.444,,,,,,36,5,4,M,
748,64,0,0,0,18,multi_free_response,5,,,,2,18,,,,36,5,4,M,
749,20,0,0,0,2,multiple_choice,1,C,,,,,,,,36,5,4,M,
750,23,0,0,0,3,multiple_choice,1,D,,,,,,,,36,5,4,M,
751,15,0,0,0,4,multiple_choice,1,D,,,,,,,,36,5,4,M,
752,64,48,38,0,5,multiple_choice,3,E,,,,,,,,36,5,4,M,
753,63,13,0,0,6,multiple_choice,5,D,,,,,,,,36,5,4,M,
754,42,0,0,0,7,multiple_choice,3,E,,,,,,,,36,5,4,M,
755,64,17,0,0,8,multiple_choice,5,C,,,,,,,,36,5,4,M,
756,48,0,0,0,9,free_response,1,,7,7,,,,,,36,5,4,M,
757,16,60,0,0,1,multiple_choice,1,C,,,,,,,,37,5,6,W,
758,36,0,0,0,10,multiple_choice,3,D,,,,,,,,37,5,6,W,
759,51,0,0,0,11,multiple_choice,5,B,,,,,,,,37,5,6,W,
760,16,59,0,0,12,multiple_choice,1,A,,,,,,,,37,5,6,W,
761,31,0,0,0,13,multiple_choice,1,B,,,,,,,,37,5,6,W,
762,36,0,0,0,14,multiple_choice,1,A,,,,,,,,37,5,6,W,
763,59,0,0,0,15,multiple_choice,1,D,,,,,,,,37,5,6,W,
764,60,0,0,0,16,multiple_choice,1,A,,,,,,,,37,5,6,W,
765,6,0,0,0,17,multiple_choice,1,D,,,,,,,,37,5,6,W,
766,40,0,0,0,18,multiple_choice,1,D,,,,,,,,37,5,6,W,
767,52,0,0,0,19,multiple_choice,1,B,,,,,,,,37,5,6,W,
768,59,0,0,0,2,multiple_choice,1,D,,,,,,,,37,5,6,W,
769,51,0,0,0,20,multiple_choice,1,C,,,,,,,,37,5,6,W,
770,33,0,0,0,21,multiple_choice,3,B,,,,,,,,37,5,6,W,
771,59,0,0,0,22,multiple_choice,3,B,,,,,,,,37,5,6,W,
772,28,0,0,0,23,multiple_choice,3,E,,,,,,,,37,5,6,W,
773,8,0,0,0,24,multiple_choice,3,D,,,,,,,,37,5,6,W,
774,6,0,0,0,25,multiple_choice,3,C,,,,,,,,37,5,6,W,
775,52,0,0,0,26,multiple_choice,3,B,,,,,,,,37,5,6,W,
776,5,0,0,0,27,multiple_choice,3,D,,,,,,,,37,5,6,W,
777,51,0,0,0,28,multiple_choice,5,A,,,,,,,,37,5,6,W,
778,28,0,0,0,29,multiple_choice,5,E,,,,,,,,37,5,6,W,
779,52,0,0,0,3,multiple_choice,3,C,,,,,,,,37,5,6,W,
780,32,0,0,0,30,multiple_choice,3,A,,,,,,,,37,5,6,W,
781,32,0,0,0,31,multiple_choice,1,A,,,,,,,,37,5,6,W,
782,32,0,0,0,32,multiple_choice,1,D,,,,,,,,37,5,6,W,
783,32,0,0,0,33,multiple_choice,3,E,,,,,,,,37,5,6,W,
784,32,0,0,0,34,multiple_choice,3,B,,,,,,,,37,5,6,W,
785,32,0,0,0,35,multiple_choice,1,C,,,,,,,,37,5,6,W,
786,59,36,16,0,4,multiple_choice,3,E,,,,,,,,37,5,6,W,
787,59,16,0,0,5,multiple_choice,3,D,,,,,,,,37,5,6,W,
788,59,0,0,0,6,multiple_choice,3,D,,,,,,,,37,5,6,W,
789,28,0,0,0,7,multiple_choice,3,A,,,,,,,,37,5,6,W,
790,8,0,0,0,8,multiple_choice,3,C,,,,,,,,37,5,6,W,
791,59,16,0,0,9,multiple_choice,3,E,,,,,,,,37,5,6,W,
792,10,0,0,0,10,multiple_choice,3,A,,,,,,,,38,5,7,CR,
793,22,0,0,0,11,multiple_choice,5,D,,,,,,,,38,5,7,CR,
794,10,0,0,0,12,multiple_choice,3,C,,,,,,,,38,5,7,CR,
795,53,0,0,0,13,multiple_choice,1,C,,,,,,,,38,5,7,CR,
796,10,0,0,0,14,multiple_choice,1,A,,,,,,,,38,5,7,CR,
797,22,0,0,0,15,multiple_choice,3,C,,,,,,,,38,5,7,CR,
798,22,0,0,0,16,multiple_choice,3,E,,,,,,,,38,5,7,CR,
799,62,0,0,0,17,multiple_choice,3,B,,,,,,,,38,5,7,CR,
800,22,0,0,0,18,multiple_choice,3,A,,,,,,,,38,5,7,CR,
801,22,0,0,0,19,multiple_choice,3,E,,,,,,,,38,5,7,CR,
802,10,0,0,0,20,multiple_choice,1,B,,,,,,,,38,5,7,CR,
803,22,0,0,0,21,multiple_choice,3,E,,,,,,,,38,5,7,CR,
804,10,0,0,0,22,multiple_choice,3,B,,,,,,,,38,5,7,CR,
805,22,0,0,0,23,multiple_choice,1,E,,,,,,,,38,5,7,CR,
806,22,0,0,0,24,multiple_choice,3,C,,,,,,,,38,5,7,CR,
807,22,0,0,0,9,multiple_choice,1,D,,,,,,,,38,5,7,CR,
808,61,0,0,0,1,multiple_choice,1,E,,,,,,,,38,5,7,CR,
809,61,0,0,0,2,multiple_choice,1,E,,,,,,,,38,5,7,CR,
810,61,0,0,0,3,multiple_choice,1,C,,,,,,,,38,5,7,CR,
811,61,0,0,0,4,multiple_choice,1,A,,,,,,,,38,5,7,CR,
812,61,0,0,0,5,multiple_choice,3,A,,,,,,,,38,5,7,CR,
813,61,0,0,0,6,multiple_choice,5,C,,,,,,,,38,5,7,CR,
814,61,0,0,0,7,multiple_choice,3,B,,,,,,,,38,5,7,CR,
815,61,0,0,0,8,multiple_choice,5,C,,,,,,,,38,5,7,CR,
816,37,0,0,0,1,multiple_choice,1,B,,,,,,,,39,5,8,M,
817,4,47,0,0,10,multiple_choice,3,B,,,,,,,,39,5,8,M,
818,58,0,0,0,11,multiple_choice,3,A,,,,,,,,39,5,8,M,
819,63,15,0,0,12,multiple_choice,3,B,,,,,,,,39,5,8,M,
820,37,0,0,0,13,multiple_choice,3,C,,,,,,,,39,5,8,M,
821,21,13,0,0,14,multiple_choice,3,E,,,,,,,,39,5,8,M,
822,23,17,0,0,15,multiple_choice,5,A,,,,,,,,39,5,8,M,
823,49,48,0,0,16,multiple_choice,5,E,,,,,,,,39,5,8,M,
824,13,48,0,0,2,multiple_choice,1,B,,,,,,,,39,5,8,M,
825,15,0,0,0,3,multiple_choice,1,A,,,,,,,,39,5,8,M,
826,2,0,0,0,4,multiple_choice,1,C,,,,,,,,39,5,8,M,
827,23,0,0,0,5,multiple_choice,1,D,,,,,,,,39,5,8,M,
828,17,48,64,0,6,multiple_choice,3,B,,,,,,,,39,5,8,M,
829,13,48,0,0,7,multiple_choice,3,A,,,,,,,,39,5,8,M,
830,64,4,0,0,8,multiple_choice,3,E,,,,,,,,39,5,8,M,
831,21,1,0,0,9,multiple_choice,3,D,,,,,,,,39,5,8,M,
832,22,0,0,0,10,multiple_choice,3,A,,,,,,,,40,5,9,CR,
833,55,0,0,0,11,multiple_choice,3,D,,,,,,,,40,5,9,CR,
834,62,0,0,0,12,multiple_choice,5,B,,,,,,,,40,5,9,CR,
835,22,0,0,0,13,multiple_choice,3,E,,,,,,,,40,5,9,CR,
836,22,0,0,0,14,multiple_choice,3,C,,,,,,,,40,5,9,CR,
837,10,0,0,0,15,multiple_choice,3,C,,,,,,,,40,5,9,CR,
838,10,0,0,0,16,multiple_choice,3,A,,,,,,,,40,5,9,CR,
839,10,0,0,0,17,multiple_choice,1,D,,,,,,,,40,5,9,CR,
840,22,0,0,0,18,multiple_choice,1,D,,,,,,,,40,5,9,CR,
841,22,0,0,0,19,multiple_choice,3,E,,,,,,,,40,5,9,CR,
842,53,0,0,0,7,multiple_choice,3,D,,,,,,,,40,5,9,CR,
843,22,0,0,0,8,multiple_choice,3,C,,,,,,,,40,5,9,CR,
844,22,0,0,0,9,multiple_choice,3,A,,,,,,,,40,5,9,CR,
845,61,0,0,0,1,multiple_choice,1,B,,,,,,,,40,5,9,CR,
846,61,0,0,0,2,multiple_choice,1,B,,,,,,,,40,5,9,CR,
847,61,0,0,0,3,multiple_choice,3,D,,,,,,,,40,5,9,CR,
848,61,0,0,0,4,multiple_choice,3,C,,,,,,,,40,5,9,CR,
849,61,0,0,0,5,multiple_choice,5,C,,,,,,,,40,5,9,CR,
850,61,0,0,0,6,multiple_choice,5,A,,,,,,,,40,5,9,CR,
851,40,0,0,0,1,multiple_choice,1,E,,,,,,,,41,6,10,W,
852,51,0,0,0,10,multiple_choice,3,C,,,,,,,,41,6,10,W,
853,6,0,0,0,11,multiple_choice,1,E,,,,,,,,41,6,10,W,
854,43,0,0,0,12,multiple_choice,3,D,,,,,,,,41,6,10,W,
855,43,51,0,0,13,multiple_choice,3,D,,,,,,,,41,6,10,W,
856,5,0,0,0,14,multiple_choice,3,E,,,,,,,,41,6,10,W,
857,5,0,0,0,2,multiple_choice,1,B,,,,,,,,41,6,10,W,
858,16,59,0,0,3,multiple_choice,1,D,,,,,,,,41,6,10,W,
859,36,0,0,0,4,multiple_choice,1,B,,,,,,,,41,6,10,W,
860,31,0,0,0,5,multiple_choice,1,D,,,,,,,,41,6,10,W,
861,28,0,0,0,6,multiple_choice,1,A,,,,,,,,41,6,10,W,
862,8,0,0,0,7,multiple_choice,3,B,,,,,,,,41,6,10,W,
863,31,0,0,0,8,multiple_choice,3,E,,,,,,,,41,6,10,W,
864,60,0,0,0,9,multiple_choice,3,B,,,,,,,,41,6,10,W,
865,48,0,0,0,1,multiple_choice,1,C,,,,,,,,42,6,2,M,
866,63,0,0,0,10,multiple_choice,3,E,,,,,,,,42,6,2,M,
867,24,0,0,0,11,multiple_choice,3,B,,,,,,,,42,6,2,M,
868,47,0,0,0,12,multiple_choice,3,D,,,,,,,,42,6,2,M,
869,13,13,21,0,13,multiple_choice,3,E,,,,,,,,42,6,2,M,
870,25,46,0,0,14,multiple_choice,3,C,,,,,,,,42,6,2,M,
871,48,0,0,0,15,multiple_choice,3,A,,,,,,,,42,6,2,M,
872,4,0,0,0,16,multiple_choice,3,B,,,,,,,,42,6,2,M,
873,17,56,0,0,17,multiple_choice,3,C,,,,,,,,42,6,2,M,
874,48,38,2,19,18,multiple_choice,5,B,,,,,,,,42,6,2,M,
875,63,15,0,0,19,multiple_choice,5,A,,,,,,,,42,6,2,M,
876,30,0,0,0,2,multiple_choice,1,D,,,,,,,,42,6,2,M,
877,58,0,0,0,20,multiple_choice,5,E,,,,,,,,42,6,2,M,
878,63,0,0,0,3,multiple_choice,1,C,,,,,,,,42,6,2,M,
879,23,0,0,0,4,multiple_choice,1,A,,,,,,,,42,6,2,M,
880,3,23,0,0,5,multiple_choice,1,C,,,,,,,,42,6,2,M,
881,1,30,0,0,6,multiple_choice,3,D,,,,,,,,42,6,2,M,
882,48,15,0,0,7,multiple_choice,1,B,,,,,,,,42,6,2,M,
883,64,0,0,0,8,multiple_choice,3,A,,,,,,,,42,6,2,M,
884,17,0,0,0,9,multiple_choice,3,A,,,,,,,,42,6,2,M,
885,62,0,0,0,10,multiple_choice,1,B,,,,,,,,43,6,3,CR,
886,10,0,0,0,11,multiple_choice,3,C,,,,,,,,43,6,3,CR,
887,10,0,0,0,12,multiple_choice,1,A,,,,,,,,43,6,3,CR,
888,22,0,0,0,13,multiple_choice,3,D,,,,,,,,43,6,3,CR,
889,22,0,0,0,14,multiple_choice,3,C,,,,,,,,43,6,3,CR,
890,53,0,0,0,15,multiple_choice,1,D,,,,,,,,43,6,3,CR,
891,12,0,0,0,16,multiple_choice,3,A,,,,,,,,43,6,3,CR,
892,10,0,0,0,17,multiple_choice,5,B,,,,,,,,43,6,3,CR,
893,22,0,0,0,18,multiple_choice,3,E,,,,,,,,43,6,3,CR,
894,22,0,0,0,19,multiple_choice,3,D,,,,,,,,43,6,3,CR,
895,22,0,0,0,20,multiple_choice,3,D,,,,,,,,43,6,3,CR,
896,10,0,0,0,21,multiple_choice,3,D,,,,,,,,43,6,3,CR,
897,62,0,0,0,22,multiple_choice,3,A,,,,,,,,43,6,3,CR,
898,62,0,0,0,23,multiple_choice,1,E,,,,,,,,43,6,3,CR,
899,22,0,0,0,24,multiple_choice,3,B,,,,,,,,43,6,3,CR,
900,55,0,0,0,6,multiple_choice,3,C,,,,,,,,43,6,3,CR,
901,12,0,0,0,7,multiple_choice,5,D,,,,,,,,43,6,3,CR,
902,10,0,0,0,8,multiple_choice,5,A,,,,,,,,43,6,3,CR,
903,22,0,0,0,9,multiple_choice,5,D,,,,,,,,43,6,3,CR,
904,61,0,0,0,1,multiple_choice,3,D,,,,,,,,43,6,3,CR,
905,61,0,0,0,2,multiple_choice,3,A,,,,,,,,43,6,3,CR,
906,61,0,0,0,3,multiple_choice,3,B,,,,,,,,43,6,3,CR,
907,61,0,0,0,4,multiple_choice,3,A,,,,,,,,43,6,3,CR,
908,61,0,0,0,5,multiple_choice,5,A,,,,,,,,43,6,3,CR,
909,48,0,0,0,1,multiple_choice,1,E,,,,,,,,44,6,4,M,
910,15,0,0,0,10,free_response,1,,30,30,,,,,,44,6,4,M,
911,37,15,0,0,11,multi_free_response,3,,,,8,10,12,,,44,6,4,M,
912,48,49,0,0,12,free_response,3,,3400,3400,,,,,,44,6,4,M,
913,48,54,0,0,13,free_response,3,,450,450,,,,,,44,6,4,M,
914,48,0,0,0,14,free_response,3,,0.5,0.5,,,,,,44,6,4,M,
915,64,4,0,0,15,free_response,3,,12,12,,,,,,44,6,4,M,
916,23,0,0,0,16,free_response,3,,0.454,0.455,,,,,,44,6,4,M,
917,20,0,0,0,17,free_response,5,,8,8,,,,,,44,6,4,M,
918,49,64,17,0,18,free_response,5,,16,16,,,,,,44,6,4,M,
919,24,0,0,0,2,multiple_choice,1,A,,,,,,,,44,6,4,M,
920,3,0,0,0,3,multiple_choice,1,B,,,,,,,,44,6,4,M,
921,37,0,0,0,4,multiple_choice,3,E,,,,,,,,44,6,4,M,
922,2,4,38,0,5,multiple_choice,3,D,,,,,,,,44,6,4,M,
923,37,0,0,0,6,multiple_choice,3,A,,,,,,,,44,6,4,M,
924,48,15,38,63,7,multiple_choice,3,B,,,,,,,,44,6,4,M,
925,48,13,0,0,8,multiple_choice,5,B,,,,,,,,44,6,4,M,
926,14,0,0,0,9,free_response,3,,990,990,,,,,,44,6,4,M,
927,52,0,0,0,1,multiple_choice,1,D,,,,,,,,45,6,6,W,
928,26,0,0,0,10,multiple_choice,3,D,,,,,,,,45,6,6,W,
929,28,0,0,0,11,multiple_choice,1,A,,,,,,,,45,6,6,W,
930,8,0,0,0,12,multiple_choice,1,D,,,,,,,,45,6,6,W,
931,28,0,0,0,13,multiple_choice,1,E,,,,,,,,45,6,6,W,
932,5,0,0,0,14,multiple_choice,1,D,,,,,,,,45,6,6,W,
933,36,0,0,0,15,multiple_choice,3,C,,,,,,,,45,6,6,W,
934,28,0,0,0,16,multiple_choice,1,E,,,,,,,,45,6,6,W,
935,8,0,0,0,17,multiple_choice,1,C,,,,,,,,45,6,6,W,
936,31,0,0,0,18,multiple_choice,1,B,,,,,,,,45,6,6,W,
937,59,0,0,0,19,multiple_choice,1,A,,,,,,,,45,6,6,W,
938,31,0,0,0,2,multiple_choice,1,C,,,,,,,,45,6,6,W,
939,51,0,0,0,20,multiple_choice,1,B,,,,,,,,45,6,6,W,
940,8,0,0,0,21,multiple_choice,3,C,,,,,,,,45,6,6,W,
941,7,0,0,0,22,multiple_choice,3,B,,,,,,,,45,6,6,W,
942,28,0,0,0,23,multiple_choice,1,E,,,,,,,,45,6,6,W,
943,52,0,0,0,24,multiple_choice,3,A,,,,,,,,45,6,6,W,
944,8,0,0,0,25,multiple_choice,3,C,,,,,,,,45,6,6,W,
945,52,0,0,0,26,multiple_choice,3,C,,,,,,,,45,6,6,W,
946,50,0,0,0,27,multiple_choice,1,A,,,,,,,,45,6,6,W,
947,27,0,0,0,28,multiple_choice,3,D,,,,,,,,45,6,6,W,
948,52,0,0,0,29,multiple_choice,3,A,,,,,,,,45,6,6,W,
949,59,0,0,0,3,multiple_choice,3,B,,,,,,,,45,6,6,W,
950,32,0,0,0,30,multiple_choice,3,B,,,,,,,,45,6,6,W,
951,32,0,0,0,31,multiple_choice,1,E,,,,,,,,45,6,6,W,
952,32,0,0,0,32,multiple_choice,3,D,,,,,,,,45,6,6,W,
953,32,0,0,0,33,multiple_choice,1,B,,,,,,,,45,6,6,W,
954,32,0,0,0,34,multiple_choice,3,B,,,,,,,,45,6,6,W,
955,32,0,0,0,35,multiple_choice,3,A,,,,,,,,45,6,6,W,
956,50,0,0,0,4,multiple_choice,3,B,,,,,,,,45,6,6,W,
957,8,0,0,0,5,multiple_choice,1,C,,,,,,,,45,6,6,W,
958,59,0,0,0,6,multiple_choice,1,D,,,,,,,,45,6,6,W,
959,31,0,0,0,7,multiple_choice,3,D,,,,,,,,45,6,6,W,
960,51,0,0,0,8,multiple_choice,3,E,,,,,,,,45,6,6,W,
961,28,0,0,0,9,multiple_choice,3,A,,,,,,,,45,6,6,W,
962,55,0,0,0,10,multiple_choice,3,D,,,,,,,,46,6,7,CR,
963,22,0,0,0,11,multiple_choice,3,B,,,,,,,,46,6,7,CR,
964,55,0,0,0,12,multiple_choice,1,D,,,,,,,,46,6,7,CR,
965,62,0,0,0,13,multiple_choice,3,E,,,,,,,,46,6,7,CR,
966,10,0,0,0,14,multiple_choice,3,C,,,,,,,,46,6,7,CR,
967,62,0,0,0,15,multiple_choice,3,D,,,,,,,,46,6,7,CR,
968,22,0,0,0,16,multiple_choice,5,D,,,,,,,,46,6,7,CR,
969,12,0,0,0,17,multiple_choice,3,B,,,,,,,,46,6,7,CR,
970,22,0,0,0,18,multiple_choice,3,C,,,,,,,,46,6,7,CR,
971,22,0,0,0,19,multiple_choice,5,B,,,,,,,,46,6,7,CR,
972,55,0,0,0,20,multiple_choice,3,B,,,,,,,,46,6,7,CR,
973,22,0,0,0,21,multiple_choice,5,D,,,,,,,,46,6,7,CR,
974,22,0,0,0,22,multiple_choice,5,E,,,,,,,,46,6,7,CR,
975,22,0,0,0,23,multiple_choice,3,A,,,,,,,,46,6,7,CR,
976,10,0,0,0,24,multiple_choice,3,E,,,,,,,,46,6,7,CR,
977,22,0,0,0,9,multiple_choice,1,C,,,,,,,,46,6,7,CR,
978,61,0,0,0,1,multiple_choice,1,D,,,,,,,,46,6,7,CR,
979,61,0,0,0,2,multiple_choice,1,E,,,,,,,,46,6,7,CR,
980,61,0,0,0,3,multiple_choice,3,B,,,,,,,,46,6,7,CR,
981,61,0,0,0,4,multiple_choice,3,C,,,,,,,,46,6,7,CR,
982,61,0,0,0,5,multiple_choice,3,E,,,,,,,,46,6,7,CR,
983,61,0,0,0,6,multiple_choice,3,B,,,,,,,,46,6,7,CR,
984,61,0,0,0,7,multiple_choice,3,C,,,,,,,,46,6,7,CR,
985,61,0,0,0,8,multiple_choice,3,A,,,,,,,,46,6,7,CR,
986,48,0,0,0,1,multiple_choice,1,D,,,,,,,,47,6,8,M,
987,11,0,0,0,10,multiple_choice,3,B,,,,,,,,47,6,8,M,
988,3,0,0,0,11,multiple_choice,3,D,,,,,,,,47,6,8,M,
989,49,0,0,0,12,multiple_choice,3,D,,,,,,,,47,6,8,M,
990,17,64,0,0,13,multiple_choice,3,B,,,,,,,,47,6,8,M,
991,21,0,0,0,14,multiple_choice,5,E,,,,,,,,47,6,8,M,
992,2,63,0,0,15,multiple_choice,5,B,,,,,,,,47,6,8,M,
993,44,63,15,0,16,multiple_choice,5,C,,,,,,,,47,6,8,M,
994,18,0,0,0,2,multiple_choice,1,D,,,,,,,,47,6,8,M,
995,63,0,0,0,3,multiple_choice,1,B,,,,,,,,47,6,8,M,
996,42,0,0,0,4,multiple_choice,1,E,,,,,,,,47,6,8,M,
997,48,15,0,0,5,multiple_choice,1,A,,,,,,,,47,6,8,M,
998,48,2,19,0,6,multiple_choice,1,A,,,,,,,,47,6,8,M,
999,64,17,0,0,7,multiple_choice,3,C,,,,,,,,47,6,8,M,
1000,17,0,0,0,8,multiple_choice,3,E,,,,,,,,47,6,8,M,
1001,13,37,0,0,9,multiple_choice,3,E,,,,,,,,47,6,8,M,
1002,22,0,0,0,10,multiple_choice,3,D,,,,,,,,48,6,9,CR,
1003,22,0,0,0,11,multiple_choice,3,B,,,,,,,,48,6,9,CR,
1004,62,0,0,0,12,multiple_choice,1,C,,,,,,,,48,6,9,CR,
1005,22,0,0,0,13,multiple_choice,3,A,,,,,,,,48,6,9,CR,
1006,10,0,0,0,14,multiple_choice,3,E,,,,,,,,48,6,9,CR,
1007,22,0,0,0,15,multiple_choice,3,C,,,,,,,,48,6,9,CR,
1008,22,0,0,0,16,multiple_choice,3,B,,,,,,,,48,6,9,CR,
1009,10,0,0,0,17,multiple_choice,3,E,,,,,,,,48,6,9,CR,
1010,53,0,0,0,18,multiple_choice,3,A,,,,,,,,48,6,9,CR,
1011,10,0,0,0,19,multiple_choice,3,D,,,,,,,,48,6,9,CR,
1012,53,0,0,0,7,multiple_choice,1,D,,,,,,,,48,6,9,CR,
1013,62,0,0,0,8,multiple_choice,3,E,,,,,,,,48,6,9,CR,
1014,22,0,0,0,9,multiple_choice,3,D,,,,,,,,48,6,9,CR,
1015,61,0,0,0,1,multiple_choice,1,B,,,,,,,,48,6,9,CR,
1016,61,0,0,0,2,multiple_choice,1,A,,,,,,,,48,6,9,CR,
1017,61,0,0,0,3,multiple_choice,3,E,,,,,,,,48,6,9,CR,
1018,61,0,0,0,4,multiple_choice,3,C,,,,,,,,48,6,9,CR,
1019,61,0,0,0,5,multiple_choice,5,E,,,,,,,,48,6,9,CR,
1020,61,0,0,0,6,multiple_choice,5,E,,,,,,,,48,6,9,CR,
1021,26,0,0,0,1,multiple_choice,1,B,,,,,,,,49,7,10,W,
1022,31,0,0,0,10,multiple_choice,3,E,,,,,,,,49,7,10,W,
1023,31,0,0,0,11,multiple_choice,3,E,,,,,,,,49,7,10,W,
1024,28,0,0,0,12,multiple_choice,3,A,,,,,,,,49,7,10,W,
1025,5,0,0,0,13,multiple_choice,3,E,,,,,,,,49,7,10,W,
1026,8,0,0,0,14,multiple_choice,3,D,,,,,,,,49,7,10,W,
1027,59,0,0,0,2,multiple_choice,1,B,,,,,,,,49,7,10,W,
1028,36,0,0,0,3,multiple_choice,3,C,,,,,,,,49,7,10,W,
1029,36,0,0,0,4,multiple_choice,3,D,,,,,,,,49,7,10,W,
1030,51,0,0,0,5,multiple_choice,3,B,,,,,,,,49,7,10,W,
1031,36,0,0,0,6,multiple_choice,3,B,,,,,,,,49,7,10,W,
1032,28,0,0,0,7,multiple_choice,3,A,,,,,,,,49,7,10,W,
1033,6,0,0,0,8,multiple_choice,3,D,,,,,,,,49,7,10,W,
1034,57,0,0,0,9,multiple_choice,3,B,,,,,,,,49,7,10,W,
1035,22,0,0,0,10,multiple_choice,1,A,,,,,,,,50,7,2,CR,
1036,10,0,0,0,11,multiple_choice,3,E,,,,,,,,50,7,2,CR,
1037,22,0,0,0,12,multiple_choice,3,B,,,,,,,,50,7,2,CR,
1038,10,0,0,0,13,multiple_choice,1,C,,,,,,,,50,7,2,CR,
1039,62,0,0,0,14,multiple_choice,3,D,,,,,,,,50,7,2,CR,
1040,22,0,0,0,15,multiple_choice,1,C,,,,,,,,50,7,2,CR,
1041,10,0,0,0,16,multiple_choice,3,D,,,,,,,,50,7,2,CR,
1042,62,0,0,0,17,multiple_choice,3,C,,,,,,,,50,7,2,CR,
1043,22,0,0,0,18,multiple_choice,3,E,,,,,,,,50,7,2,CR,
1044,10,0,0,0,19,multiple_choice,3,E,,,,,,,,50,7,2,CR,
1045,22,0,0,0,20,multiple_choice,3,D,,,,,,,,50,7,2,CR,
1046,22,0,0,0,21,multiple_choice,3,B,,,,,,,,50,7,2,CR,
1047,22,0,0,0,22,multiple_choice,1,D,,,,,,,,50,7,2,CR,
1048,22,0,0,0,23,multiple_choice,3,E,,,,,,,,50,7,2,CR,
1049,10,0,0,0,24,multiple_choice,3,A,,,,,,,,50,7,2,CR,
1050,22,0,0,0,6,multiple_choice,3,E,,,,,,,,50,7,2,CR,
1051,22,0,0,0,7,multiple_choice,3,D,,,,,,,,50,7,2,CR,
1052,55,0,0,0,8,multiple_choice,3,B,,,,,,,,50,7,2,CR,
1053,10,0,0,0,9,multiple_choice,1,A,,,,,,,,50,7,2,CR,
1054,61,0,0,0,1,multiple_choice,1,A,,,,,,,,50,7,2,CR,
1055,61,0,0,0,2,multiple_choice,3,A,,,,,,,,50,7,2,CR,
1056,61,0,0,0,3,multiple_choice,3,C,,,,,,,,50,7,2,CR,
1057,61,0,0,0,4,multiple_choice,5,A,,,,,,,,50,7,2,CR,
1058,61,0,0,0,5,multiple_choice,5,E,,,,,,,,50,7,2,CR,
1059,15,0,0,0,1,multiple_choice,1,A,,,,,,,,51,7,3,M,
1060,48,0,0,0,10,free_response,1,,128,128,,,,,,51,7,3,M,
1061,23,0,0,0,11,free_response,1,,2400,2400,,,,,,51,7,3,M,
1062,48,49,17,0,12,free_response,3,,3,3,,,,,,51,7,3,M,
1063,48,0,0,0,13,free_response,3,,2.66,2.67,,,,,,51,7,3,M,
1064,48,19,2,0,14,free_response,3,,22.5,27.5,,,,,,51,7,3,M,
1065,18,0,0,0,15,free_response,5,,24,24,,,,,,51,7,3,M,
1066,4,0,0,0,16,free_response,5,,10,10,,,,,,51,7,3,M,
1067,37,14,0,0,17,free_response,5,,8,8,,,,,,51,7,3,M,
1068,48,17,0,0,18,free_response,5,,70,70,,,,,,51,7,3,M,
1069,48,13,0,0,2,multiple_choice,1,E,,,,,,,,51,7,3,M,
1070,21,0,0,0,3,multiple_choice,1,B,,,,,,,,51,7,3,M,
1071,42,64,0,0,4,multiple_choice,3,C,,,,,,,,51,7,3,M,
1072,44,0,0,0,5,multiple_choice,3,D,,,,,,,,51,7,3,M,
1073,2,0,0,0,6,multiple_choice,3,A,,,,,,,,51,7,3,M,
1074,63,0,0,0,7,multiple_choice,3,C,,,,,,,,51,7,3,M,
1075,25,23,0,0,8,multiple_choice,5,A,,,,,,,,51,7,3,M,
1076,48,0,0,0,9,free_response,1,,0.4,0.4,,,,,,51,7,3,M,
1077,33,0,0,0,1,multiple_choice,1,B,,,,,,,,52,7,4,W,
1078,28,0,0,0,10,multiple_choice,3,A,,,,,,,,52,7,4,W,
1079,31,0,0,0,11,multiple_choice,5,E,,,,,,,,52,7,4,W,
1080,29,0,0,0,12,multiple_choice,1,B,,,,,,,,52,7,4,W,
1081,7,0,0,0,13,multiple_choice,1,D,,,,,,,,52,7,4,W,
1082,50,0,0,0,14,multiple_choice,1,A,,,,,,,,52,7,4,W,
1083,31,0,0,0,15,multiple_choice,1,D,,,,,,,,52,7,4,W,
1084,28,0,0,0,16,multiple_choice,1,E,,,,,,,,52,7,4,W,
1085,28,0,0,0,17,multiple_choice,1,E,,,,,,,,52,7,4,W,
1086,8,6,0,0,18,multiple_choice,1,C,,,,,,,,52,7,4,W,
1087,52,0,0,0,19,multiple_choice,1,A,,,,,,,,52,7,4,W,
1088,6,33,0,0,2,multiple_choice,1,E,,,,,,,,52,7,4,W,
1089,60,0,0,0,20,multiple_choice,1,C,,,,,,,,52,7,4,W,
1090,59,0,0,0,21,multiple_choice,1,C,,,,,,,,52,7,4,W,
1091,59,0,0,0,22,multiple_choice,1,C,,,,,,,,52,7,4,W,
1092,36,0,0,0,23,multiple_choice,3,C,,,,,,,,52,7,4,W,
1093,28,0,0,0,24,multiple_choice,3,E,,,,,,,,52,7,4,W,
1094,36,0,0,0,25,multiple_choice,3,B,,,,,,,,52,7,4,W,
1095,8,0,0,0,26,multiple_choice,3,A,,,,,,,,52,7,4,W,
1096,52,0,0,0,27,multiple_choice,3,B,,,,,,,,52,7,4,W,
1097,5,0,0,0,28,multiple_choice,5,D,,,,,,,,52,7,4,W,
1098,28,0,0,0,29,multiple_choice,5,E,,,,,,,,52,7,4,W,
1099,26,0,0,0,3,multiple_choice,1,C,,,,,,,,52,7,4,W,
1100,32,0,0,0,30,multiple_choice,3,B,,,,,,,,52,7,4,W,
1101,32,0,0,0,31,multiple_choice,3,A,,,,,,,,52,7,4,W,
1102,32,0,0,0,32,multiple_choice,3,C,,,,,,,,52,7,4,W,
1103,32,0,0,0,33,multiple_choice,3,D,,,,,,,,52,7,4,W,
1104,32,0,0,0,34,multiple_choice,3,E,,,,,,,,52,7,4,W,
1105,32,0,0,0,35,multiple_choice,3,E,,,,,,,,52,7,4,W,
1106,59,0,0,0,4,multiple_choice,1,B,,,,,,,,52,7,4,W,
1107,33,51,0,0,5,multiple_choice,3,C,,,,,,,,52,7,4,W,
1108,31,0,0,0,6,multiple_choice,3,C,,,,,,,,52,7,4,W,
1109,59,0,0,0,7,multiple_choice,3,C,,,,,,,,52,7,4,W,
1110,16,0,0,0,8,multiple_choice,3,D,,,,,,,,52,7,4,W,
1111,43,39,0,0,9,multiple_choice,3,C,,,,,,,,52,7,4,W,
1112,22,0,0,0,10,multiple_choice,3,E,,,,,,,,53,7,5,CR,
1113,55,0,0,0,11,multiple_choice,1,B,,,,,,,,53,7,5,CR,
1114,22,0,0,0,12,multiple_choice,3,D,,,,,,,,53,7,5,CR,
1115,22,0,0,0,13,multiple_choice,3,E,,,,,,,,53,7,5,CR,
1116,22,0,0,0,14,multiple_choice,5,C,,,,,,,,53,7,5,CR,
1117,22,0,0,0,15,multiple_choice,3,D,,,,,,,,53,7,5,CR,
1118,22,0,0,0,16,multiple_choice,3,E,,,,,,,,53,7,5,CR,
1119,10,0,0,0,17,multiple_choice,3,A,,,,,,,,53,7,5,CR,
1120,22,0,0,0,18,multiple_choice,3,B,,,,,,,,53,7,5,CR,
1121,22,0,0,0,19,multiple_choice,3,B,,,,,,,,53,7,5,CR,
1122,22,0,0,0,20,multiple_choice,3,E,,,,,,,,53,7,5,CR,
1123,22,0,0,0,21,multiple_choice,5,B,,,,,,,,53,7,5,CR,
1124,22,0,0,0,22,multiple_choice,1,D,,,,,,,,53,7,5,CR,
1125,22,0,0,0,23,multiple_choice,3,C,,,,,,,,53,7,5,CR,
1126,22,0,0,0,24,multiple_choice,3,C,,,,,,,,53,7,5,CR,
1127,10,0,0,0,9,multiple_choice,1,B,,,,,,,,53,7,5,CR,
1128,61,0,0,0,1,multiple_choice,1,C,,,,,,,,53,7,5,CR,
1129,61,0,0,0,2,multiple_choice,1,E,,,,,,,,53,7,5,CR,
1130,61,0,0,0,3,multiple_choice,1,D,,,,,,,,53,7,5,CR,
1131,61,0,0,0,4,multiple_choice,1,A,,,,,,,,53,7,5,CR,
1132,61,0,0,0,5,multiple_choice,1,C,,,,,,,,53,7,5,CR,
1133,61,0,0,0,6,multiple_choice,1,A,,,,,,,,53,7,5,CR,
1134,61,0,0,0,7,multiple_choice,5,E,,,,,,,,53,7,5,CR,
1135,61,0,0,0,8,multiple_choice,5,C,,,,,,,,53,7,5,CR,
1136,14,37,0,0,1,multiple_choice,1,C,,,,,,,,54,7,7,M,
1137,14,48,0,0,10,multiple_choice,3,D,,,,,,,,54,7,7,M,
1138,13,63,0,0,11,multiple_choice,3,C,,,,,,,,54,7,7,M,
1139,64,46,0,0,12,multiple_choice,3,E,,,,,,,,54,7,7,M,
1140,24,0,0,0,13,multiple_choice,3,A,,,,,,,,54,7,7,M,
1141,63,14,13,0,14,multiple_choice,3,C,,,,,,,,54,7,7,M,
1142,13,0,0,0,15,multiple_choice,3,E,,,,,,,,54,7,7,M,
1143,15,54,38,0,16,multiple_choice,3,C,,,,,,,,54,7,7,M,
1144,4,15,0,0,17,multiple_choice,3,D,,,,,,,,54,7,7,M,
1145,48,0,0,0,18,multiple_choice,5,B,,,,,,,,54,7,7,M,
1146,13,63,0,0,19,multiple_choice,5,A,,,,,,,,54,7,7,M,
1147,20,0,0,0,2,multiple_choice,1,D,,,,,,,,54,7,7,M,
1148,64,17,0,0,20,multiple_choice,5,E,,,,,,,,54,7,7,M,
1149,63,0,0,0,3,multiple_choice,1,D,,,,,,,,54,7,7,M,
1150,49,0,0,0,4,multiple_choice,1,C,,,,,,,,54,7,7,M,
1151,23,0,0,0,5,multiple_choice,1,B,,,,,,,,54,7,7,M,
1152,48,3,0,0,6,multiple_choice,1,D,,,,,,,,54,7,7,M,
1153,48,2,0,0,7,multiple_choice,1,C,,,,,,,,54,7,7,M,
1154,37,0,0,0,8,multiple_choice,3,C,,,,,,,,54,7,7,M,
1155,63,0,0,0,9,multiple_choice,3,A,,,,,,,,54,7,7,M,
1156,22,0,0,0,10,multiple_choice,3,C,,,,,,,,55,7,8,CR,
1157,55,0,0,0,11,multiple_choice,5,E,,,,,,,,55,7,8,CR,
1158,10,0,0,0,12,multiple_choice,1,A,,,,,,,,55,7,8,CR,
1159,22,0,0,0,13,multiple_choice,5,B,,,,,,,,55,7,8,CR,
1160,10,0,0,0,14,multiple_choice,1,B,,,,,,,,55,7,8,CR,
1161,10,0,0,0,15,multiple_choice,3,D,,,,,,,,55,7,8,CR,
1162,62,0,0,0,16,multiple_choice,5,E,,,,,,,,55,7,8,CR,
1163,10,0,0,0,17,multiple_choice,3,A,,,,,,,,55,7,8,CR,
1164,22,0,0,0,18,multiple_choice,3,E,,,,,,,,55,7,8,CR,
1165,10,0,0,0,19,multiple_choice,5,D,,,,,,,,55,7,8,CR,
1166,12,0,0,0,7,multiple_choice,1,D,,,,,,,,55,7,8,CR,
1167,22,0,0,0,8,multiple_choice,1,A,,,,,,,,55,7,8,CR,
1168,22,0,0,0,9,multiple_choice,3,E,,,,,,,,55,7,8,CR,
1169,61,0,0,0,1,multiple_choice,1,E,,,,,,,,55,7,8,CR,
1170,61,0,0,0,2,multiple_choice,1,D,,,,,,,,55,7,8,CR,
1171,61,0,0,0,3,multiple_choice,1,D,,,,,,,,55,7,8,CR,
1172,61,0,0,0,4,multiple_choice,1,C,,,,,,,,55,7,8,CR,
1173,61,0,0,0,5,multiple_choice,1,C,,,,,,,,55,7,8,CR,
1174,61,0,0,0,6,multiple_choice,5,D,,,,,,,,55,7,8,CR,
1175,11,0,0,0,1,multiple_choice,1,B,,,,,,,,56,7,9,M,
1176,63,0,0,0,10,multiple_choice,3,B,,,,,,,,56,7,9,M,
1177,56,46,0,0,11,multiple_choice,3,B,,,,,,,,56,7,9,M,
1178,48,0,0,0,12,multiple_choice,3,A,,,,,,,,56,7,9,M,
1179,48,2,0,0,13,multiple_choice,3,D,,,,,,,,56,7,9,M,
1180,64,17,0,0,14,multiple_choice,3,E,,,,,,,,56,7,9,M,
1181,20,42,0,0,15,multiple_choice,5,D,,,,,,,,56,7,9,M,
1182,58,0,0,0,16,multiple_choice,5,C,,,,,,,,56,7,9,M,
1183,2,19,0,0,2,multiple_choice,1,A,,,,,,,,56,7,9,M,
1184,48,15,0,0,3,multiple_choice,1,B,,,,,,,,56,7,9,M,
1185,37,0,0,0,4,multiple_choice,1,E,,,,,,,,56,7,9,M,
1186,15,0,0,0,5,multiple_choice,1,D,,,,,,,,56,7,9,M,
1187,23,0,0,0,6,multiple_choice,3,D,,,,,,,,56,7,9,M,
1188,48,0,0,0,7,multiple_choice,3,B,,,,,,,,56,7,9,M,
1189,1,30,0,0,8,multiple_choice,3,C,,,,,,,,56,7,9,M,
1190,63,0,0,0,9,multiple_choice,3,D,,,,,,,,56,7,9,M,
1191,59,0,0,0,1,multiple_choice,1,B,,,,,,,,57,8,10,W,
1192,16,0,0,0,10,multiple_choice,3,D,,,,,,,,57,8,10,W,
1193,28,0,0,0,11,multiple_choice,3,A,,,,,,,,57,8,10,W,
1194,39,43,0,0,12,multiple_choice,5,E,,,,,,,,57,8,10,W,
1195,28,0,0,0,13,multiple_choice,3,A,,,,,,,,57,8,10,W,
1196,39,43,0,0,14,multiple_choice,5,C,,,,,,,,57,8,10,W,
1197,36,0,0,0,2,multiple_choice,1,D,,,,,,,,57,8,10,W,
1198,16,59,0,0,3,multiple_choice,1,B,,,,,,,,57,8,10,W,
1199,31,0,0,0,4,multiple_choice,1,E,,,,,,,,57,8,10,W,
1200,28,0,0,0,5,multiple_choice,1,A,,,,,,,,57,8,10,W,
1201,6,0,0,0,6,multiple_choice,1,C,,,,,,,,57,8,10,W,
1202,16,59,0,0,7,multiple_choice,3,E,,,,,,,,57,8,10,W,
1203,16,0,0,0,8,multiple_choice,3,D,,,,,,,,57,8,10,W,
1204,36,0,0,0,9,multiple_choice,1,B,,,,,,,,57,8,10,W,
1205,10,0,0,0,10,multiple_choice,3,B,,,,,,,,58,8,2,CR,
1206,22,0,0,0,11,multiple_choice,3,C,,,,,,,,58,8,2,CR,
1207,22,0,0,0,12,multiple_choice,1,C,,,,,,,,58,8,2,CR,
1208,10,0,0,0,13,multiple_choice,3,D,,,,,,,,58,8,2,CR,
1209,22,0,0,0,14,multiple_choice,3,A,,,,,,,,58,8,2,CR,
1210,53,0,0,0,15,multiple_choice,3,D,,,,,,,,58,8,2,CR,
1211,10,0,0,0,16,multiple_choice,3,C,,,,,,,,58,8,2,CR,
1212,22,0,0,0,17,multiple_choice,3,A,,,,,,,,58,8,2,CR,
1213,10,0,0,0,18,multiple_choice,3,E,,,,,,,,58,8,2,CR,
1214,22,0,0,0,19,multiple_choice,3,D,,,,,,,,58,8,2,CR,
1215,22,0,0,0,20,multiple_choice,3,B,,,,,,,,58,8,2,CR,
1216,62,0,0,0,21,multiple_choice,3,C,,,,,,,,58,8,2,CR,
1217,22,0,0,0,22,multiple_choice,3,E,,,,,,,,58,8,2,CR,
1218,22,0,0,0,23,multiple_choice,3,A,,,,,,,,58,8,2,CR,
1219,55,0,0,0,24,multiple_choice,3,A,,,,,,,,58,8,2,CR,
1220,10,0,0,0,6,multiple_choice,3,D,,,,,,,,58,8,2,CR,
1221,10,0,0,0,7,multiple_choice,3,E,,,,,,,,58,8,2,CR,
1222,10,0,0,0,8,multiple_choice,3,C,,,,,,,,58,8,2,CR,
1223,55,0,0,0,9,multiple_choice,5,B,,,,,,,,58,8,2,CR,
1224,61,0,0,0,1,multiple_choice,1,D,,,,,,,,58,8,2,CR,
1225,61,0,0,0,2,multiple_choice,3,E,,,,,,,,58,8,2,CR,
1226,61,0,0,0,3,multiple_choice,3,C,,,,,,,,58,8,2,CR,
1227,61,0,0,0,4,multiple_choice,5,B,,,,,,,,58,8,2,CR,
1228,61,0,0,0,5,multiple_choice,5,C,,,,,,,,58,8,2,CR,
1229,15,0,0,0,1,multiple_choice,1,D,,,,,,,,59,8,3,M,
1230,44,0,0,0,10,free_response,1,,0.24,0.24,,,,,,59,8,3,M,
1231,30,0,0,0,11,multi_free_response,3,,,,1,11,,,,59,8,3,M,
1232,48,0,0,0,12,free_response,3,,39,39,,,,,,59,8,3,M,
1233,48,15,0,0,13,free_response,3,,6500,6500,,,,,,59,8,3,M,
1234,2,4,0,0,14,free_response,3,,0.277,0.278,,,,,,59,8,3,M,
1235,14,0,0,0,15,free_response,5,,2,2,,,,,,59,8,3,M,
1236,38,42,0,0,16,free_response,3,,5,5,,,,,,59,8,3,M,
1237,58,0,0,0,17,free_response,5,,11,11,,,,,,59,8,3,M,
1238,48,3,0,0,18,free_response,5,,0.375,0.375,,,,,,59,8,3,M,
1239,64,0,0,0,2,multiple_choice,1,B,,,,,,,,59,8,3,M,
1240,48,2,0,0,3,multiple_choice,1,A,,,,,,,,59,8,3,M,
1241,48,0,0,0,4,multiple_choice,1,C,,,,,,,,59,8,3,M,
1242,48,13,0,0,5,multiple_choice,3,D,,,,,,,,59,8,3,M,
1243,23,0,0,0,6,multiple_choice,3,C,,,,,,,,59,8,3,M,
1244,48,42,38,2,7,multiple_choice,3,B,,,,,,,,59,8,3,M,
1245,63,0,0,0,8,multiple_choice,5,A,,,,,,,,59,8,3,M,
1246,48,9,0,0,9,free_response,1,,120,120,,,,,,59,8,3,M,
1247,16,0,0,0,1,multiple_choice,1,D,,,,,,,,60,8,4,W,
1248,28,0,0,0,10,multiple_choice,3,A,,,,,,,,60,8,4,W,
1249,26,0,0,0,11,multiple_choice,3,E,,,,,,,,60,8,4,W,
1250,7,0,0,0,12,multiple_choice,1,C,,,,,,,,60,8,4,W,
1251,59,0,0,0,13,multiple_choice,1,A,,,,,,,,60,8,4,W,
1252,28,0,0,0,14,multiple_choice,1,E,,,,,,,,60,8,4,W,
1253,7,0,0,0,15,multiple_choice,1,D,,,,,,,,60,8,4,W,
1254,59,0,0,0,16,multiple_choice,1,C,,,,,,,,60,8,4,W,
1255,36,0,0,0,17,multiple_choice,1,A,,,,,,,,60,8,4,W,
1256,5,0,0,0,18,multiple_choice,1,B,,,,,,,,60,8,4,W,
1257,36,0,0,0,19,multiple_choice,1,D,,,,,,,,60,8,4,W,
1258,59,0,0,0,2,multiple_choice,1,C,,,,,,,,60,8,4,W,
1259,52,0,0,0,20,multiple_choice,3,C,,,,,,,,60,8,4,W,
1260,59,0,0,0,21,multiple_choice,3,C,,,,,,,,60,8,4,W,
1261,28,0,0,0,22,multiple_choice,3,E,,,,,,,,60,8,4,W,
1262,8,0,0,0,23,multiple_choice,3,C,,,,,,,,60,8,4,W,
1263,50,0,0,0,24,multiple_choice,3,A,,,,,,,,60,8,4,W,
1264,29,0,0,0,25,multiple_choice,3,A,,,,,,,,60,8,4,W,
1265,57,0,0,0,26,multiple_choice,3,D,,,,,,,,60,8,4,W,
1266,52,0,0,0,27,multiple_choice,3,A,,,,,,,,60,8,4,W,
1267,28,0,0,0,28,multiple_choice,5,E,,,,,,,,60,8,4,W,
1268,8,0,0,0,29,multiple_choice,5,D,,,,,,,,60,8,4,W,
1269,43,0,0,0,3,multiple_choice,1,D,,,,,,,,60,8,4,W,
1270,32,0,0,0,30,multiple_choice,1,D,,,,,,,,60,8,4,W,
1271,32,0,0,0,31,multiple_choice,3,D,,,,,,,,60,8,4,W,
1272,32,0,0,0,32,multiple_choice,1,C,,,,,,,,60,8,4,W,
1273,32,0,0,0,33,multiple_choice,1,B,,,,,,,,60,8,4,W,
1274,32,0,0,0,34,multiple_choice,1,A,,,,,,,,60,8,4,W,
1275,32,0,0,0,35,multiple_choice,3,D,,,,,,,,60,8,4,W,
1276,43,0,0,0,4,multiple_choice,1,B,,,,,,,,60,8,4,W,
1277,51,0,0,0,5,multiple_choice,3,B,,,,,,,,60,8,4,W,
1278,31,0,0,0,6,multiple_choice,1,B,,,,,,,,60,8,4,W,
1279,28,0,0,0,7,multiple_choice,1,A,,,,,,,,60,8,4,W,
1280,52,0,0,0,8,multiple_choice,1,B,,,,,,,,60,8,4,W,
1281,31,0,0,0,9,multiple_choice,3,E,,,,,,,,60,8,4,W,
1282,22,0,0,0,10,multiple_choice,5,C,,,,,,,,61,8,5,CR,
1283,22,0,0,0,11,multiple_choice,5,B,,,,,,,,61,8,5,CR,
1284,55,0,0,0,12,multiple_choice,3,C,,,,,,,,61,8,5,CR,
1285,62,0,0,0,13,multiple_choice,1,B,,,,,,,,61,8,5,CR,
1286,10,0,0,0,14,multiple_choice,3,D,,,,,,,,61,8,5,CR,
1287,10,0,0,0,15,multiple_choice,3,A,,,,,,,,61,8,5,CR,
1288,22,0,0,0,16,multiple_choice,3,E,,,,,,,,61,8,5,CR,
1289,10,0,0,0,17,multiple_choice,3,C,,,,,,,,61,8,5,CR,
1290,10,0,0,0,18,multiple_choice,3,C,,,,,,,,61,8,5,CR,
1291,22,0,0,0,19,multiple_choice,1,A,,,,,,,,61,8,5,CR,
1292,22,0,0,0,20,multiple_choice,3,A,,,,,,,,61,8,5,CR,
1293,22,0,0,0,21,multiple_choice,3,D,,,,,,,,61,8,5,CR,
1294,10,0,0,0,22,multiple_choice,3,C,,,,,,,,61,8,5,CR,
1295,22,0,0,0,23,multiple_choice,3,D,,,,,,,,61,8,5,CR,
1296,10,0,0,0,24,multiple_choice,3,E,,,,,,,,61,8,5,CR,
1297,22,0,0,0,9,multiple_choice,5,D,,,,,,,,61,8,5,CR,
1298,61,0,0,0,1,multiple_choice,3,B,,,,,,,,61,8,5,CR,
1299,61,0,0,0,2,multiple_choice,3,D,,,,,,,,61,8,5,CR,
1300,61,0,0,0,3,multiple_choice,3,E,,,,,,,,61,8,5,CR,
1301,61,0,0,0,4,multiple_choice,3,B,,,,,,,,61,8,5,CR,
1302,61,0,0,0,5,multiple_choice,3,E,,,,,,,,61,8,5,CR,
1303,61,0,0,0,6,multiple_choice,3,B,,,,,,,,61,8,5,CR,
1304,61,0,0,0,7,multiple_choice,3,A,,,,,,,,61,8,5,CR,
1305,61,0,0,0,8,multiple_choice,5,A,,,,,,,,61,8,5,CR,
1306,48,0,0,0,1,multiple_choice,1,B,,,,,,,,62,8,7,M,
1307,15,0,0,0,10,multiple_choice,3,B,,,,,,,,62,8,7,M,
1308,17,0,0,0,11,multiple_choice,3,E,,,,,,,,62,8,7,M,
1309,23,0,0,0,12,multiple_choice,3,C,,,,,,,,62,8,7,M,
1310,34,0,0,0,13,multiple_choice,3,A,,,,,,,,62,8,7,M,
1311,46,64,56,0,14,multiple_choice,3,D,,,,,,,,62,8,7,M,
1312,20,47,0,0,15,multiple_choice,3,A,,,,,,,,62,8,7,M,
1313,63,13,0,0,16,multiple_choice,3,E,,,,,,,,62,8,7,M,
1314,17,0,0,0,17,multiple_choice,5,B,,,,,,,,62,8,7,M,
1315,20,24,0,0,18,multiple_choice,3,D,,,,,,,,62,8,7,M,
1316,25,0,0,0,19,multiple_choice,5,E,,,,,,,,62,8,7,M,
1317,48,0,0,0,2,multiple_choice,1,B,,,,,,,,62,8,7,M,
1318,48,4,0,0,20,multiple_choice,5,B,,,,,,,,62,8,7,M,
1319,37,0,0,0,3,multiple_choice,1,E,,,,,,,,62,8,7,M,
1320,38,0,0,0,4,multiple_choice,1,C,,,,,,,,62,8,7,M,
1321,23,15,0,0,5,multiple_choice,1,E,,,,,,,,62,8,7,M,
1322,15,0,0,0,6,multiple_choice,1,C,,,,,,,,62,8,7,M,
1323,24,0,0,0,7,multiple_choice,3,D,,,,,,,,62,8,7,M,
1324,48,15,0,0,8,multiple_choice,3,B,,,,,,,,62,8,7,M,
1325,64,17,0,0,9,multiple_choice,3,A,,,,,,,,62,8,7,M,
1326,10,0,0,0,10,multiple_choice,3,C,,,,,,,,63,8,8,CR,
1327,10,0,0,0,11,multiple_choice,3,E,,,,,,,,63,8,8,CR,
1328,22,0,0,0,12,multiple_choice,3,D,,,,,,,,63,8,8,CR,
1329,22,0,0,0,13,multiple_choice,3,D,,,,,,,,63,8,8,CR,
1330,22,0,0,0,14,multiple_choice,3,D,,,,,,,,63,8,8,CR,
1331,22,0,0,0,15,multiple_choice,3,A,,,,,,,,63,8,8,CR,
1332,22,0,0,0,16,multiple_choice,3,B,,,,,,,,63,8,8,CR,
1333,22,0,0,0,17,multiple_choice,3,E,,,,,,,,63,8,8,CR,
1334,10,0,0,0,18,multiple_choice,3,D,,,,,,,,63,8,8,CR,
1335,22,0,0,0,19,multiple_choice,5,C,,,,,,,,63,8,8,CR,
1336,22,0,0,0,7,multiple_choice,3,B,,,,,,,,63,8,8,CR,
1337,22,0,0,0,8,multiple_choice,3,C,,,,,,,,63,8,8,CR,
1338,22,0,0,0,9,multiple_choice,1,D,,,,,,,,63,8,8,CR,
1339,61,0,0,0,1,multiple_choice,1,B,,,,,,,,63,8,8,CR,
1340,61,0,0,0,2,multiple_choice,1,A,,,,,,,,63,8,8,CR,
1341,61,0,0,0,3,multiple_choice,3,C,,,,,,,,63,8,8,CR,
1342,61,0,0,0,4,multiple_choice,5,C,,,,,,,,63,8,8,CR,
1343,61,0,0,0,5,multiple_choice,5,D,,,,,,,,63,8,8,CR,
1344,61,0,0,0,6,multiple_choice,5,A,,,,,,,,63,8,8,CR,
1345,48,21,0,0,1,multiple_choice,1,A,,,,,,,,64,8,9,M,
1346,1,48,0,0,10,multiple_choice,3,E,,,,,,,,64,8,9,M,
1347,15,0,0,0,11,multiple_choice,3,C,,,,,,,,64,8,9,M,
1348,19,0,0,0,12,multiple_choice,3,E,,,,,,,,64,8,9,M,
1349,48,17,0,0,13,multiple_choice,3,D,,,,,,,,64,8,9,M,
1350,17,48,0,0,14,multiple_choice,5,A,,,,,,,,64,8,9,M,
1351,15,0,0,0,15,multiple_choice,5,B,,,,,,,,64,8,9,M,
1352,19,49,15,0,16,multiple_choice,5,C,,,,,,,,64,8,9,M,
1353,37,0,0,0,2,multiple_choice,1,D,,,,,,,,64,8,9,M,
1354,48,2,19,0,3,multiple_choice,1,A,,,,,,,,64,8,9,M,
1355,48,0,0,0,4,multiple_choice,1,C,,,,,,,,64,8,9,M,
1356,11,0,0,0,5,multiple_choice,1,B,,,,,,,,64,8,9,M,
1357,48,9,15,0,6,multiple_choice,3,B,,,,,,,,64,8,9,M,
1358,3,2,0,0,7,multiple_choice,3,E,,,,,,,,64,8,9,M,
1359,13,30,0,0,8,multiple_choice,3,C,,,,,,,,64,8,9,M,
1360,46,64,0,0,9,multiple_choice,3,A,,,,,,,,64,8,9,M,
1361,6,0,0,0,1,multiple_choice,1,B,,,,,,,,65,9,10,W,
1362,26,0,0,0,10,multiple_choice,3,D,,,,,,,,65,9,10,W,
1363,59,57,0,0,11,multiple_choice,3,C,,,,,,,,65,9,10,W,
1364,28,0,0,0,12,multiple_choice,3,A,,,,,,,,65,9,10,W,
1365,33,0,0,0,13,multiple_choice,3,B,,,,,,,,65,9,10,W,
1366,5,0,0,0,14,multiple_choice,5,D,,,,,,,,65,9,10,W,
1367,28,0,0,0,2,multiple_choice,1,A,,,,,,,,65,9,10,W,
1368,16,59,0,0,3,multiple_choice,1,D,,,,,,,,65,9,10,W,
1369,8,0,0,0,4,multiple_choice,3,D,,,,,,,,65,9,10,W,
1370,5,0,0,0,5,multiple_choice,3,D,,,,,,,,65,9,10,W,
1371,43,0,0,0,6,multiple_choice,3,C,,,,,,,,65,9,10,W,
1372,59,0,0,0,7,multiple_choice,3,B,,,,,,,,65,9,10,W,
1373,6,0,0,0,8,multiple_choice,3,C,,,,,,,,65,9,10,W,
1374,36,0,0,0,9,multiple_choice,3,D,,,,,,,,65,9,10,W,
1375,45,0,0,0,1,multiple_choice,1,A,,,,,,,,66,9,2,M,
1376,48,0,0,0,10,free_response,3,,3.33,3.33,,,,,,66,9,2,M,
1377,58,13,0,0,11,free_response,1,,875,875,,,,,,66,9,2,M,
1378,49,21,0,0,12,multi_free_response,1,,0,0,,,,,,66,9,2,M,
1379,15,48,0,0,13,free_response,3,,36,36,,,,,,66,9,2,M,
1380,20,24,0,0,14,free_response,3,,12,12,,,,,,66,9,2,M,
1381,13,48,0,0,15,free_response,3,,5,5,,,,,,66,9,2,M,
1382,3,0,0,0,16,free_response,3,,71,71,,,,,,66,9,2,M,
1383,48,15,0,0,17,free_response,5,,1.42,1.43,,,,,,66,9,2,M,
1384,17,48,0,0,18,free_response,5,,3,3,,,,,,66,9,2,M,
1385,15,0,0,0,2,multiple_choice,1,C,,,,,,,,66,9,2,M,
1386,63,14,0,0,3,multiple_choice,1,C,,,,,,,,66,9,2,M,
1387,46,56,0,0,4,multiple_choice,3,B,,,,,,,,66,9,2,M,
1388,42,0,0,0,5,multiple_choice,3,A,,,,,,,,66,9,2,M,
1389,25,23,0,0,6,multiple_choice,3,C,,,,,,,,66,9,2,M,
1390,63,48,15,0,7,multiple_choice,5,D,,,,,,,,66,9,2,M,
1391,64,46,20,0,8,multiple_choice,5,D,,,,,,,,66,9,2,M,
1392,15,0,0,0,9,free_response,1,,0.666,0.667,,,,,,66,9,2,M,
1393,33,0,0,0,1,multiple_choice,1,B,,,,,,,,67,9,3,W,
1394,28,0,0,0,10,multiple_choice,3,A,,,,,,,,67,9,3,W,
1395,43,0,0,0,11,multiple_choice,5,E,,,,,,,,67,9,3,W,
1396,59,0,0,0,12,multiple_choice,1,C,,,,,,,,67,9,3,W,
1397,40,0,0,0,13,multiple_choice,1,C,,,,,,,,67,9,3,W,
1398,52,0,0,0,14,multiple_choice,1,B,,,,,,,,67,9,3,W,
1399,36,0,0,0,15,multiple_choice,1,B,,,,,,,,67,9,3,W,
1400,28,0,0,0,16,multiple_choice,1,E,,,,,,,,67,9,3,W,
1401,28,0,0,0,17,multiple_choice,1,E,,,,,,,,67,9,3,W,
1402,52,0,0,0,18,multiple_choice,1,B,,,,,,,,67,9,3,W,
1403,51,0,0,0,19,multiple_choice,3,B,,,,,,,,67,9,3,W,
1404,59,0,0,0,2,multiple_choice,1,B,,,,,,,,67,9,3,W,
1405,59,0,0,0,20,multiple_choice,3,A,,,,,,,,67,9,3,W,
1406,52,0,0,0,21,multiple_choice,3,B,,,,,,,,67,9,3,W,
1407,40,0,0,0,22,multiple_choice,3,C,,,,,,,,67,9,3,W,
1408,52,0,0,0,23,multiple_choice,3,A,,,,,,,,67,9,3,W,
1409,8,0,0,0,24,multiple_choice,3,A,,,,,,,,67,9,3,W,
1410,59,0,0,0,25,multiple_choice,3,B,,,,,,,,67,9,3,W,
1411,8,0,0,0,26,multiple_choice,5,C,,,,,,,,67,9,3,W,
1412,8,0,0,0,27,multiple_choice,3,D,,,,,,,,67,9,3,W,
1413,50,0,0,0,28,multiple_choice,3,A,,,,,,,,67,9,3,W,
1414,28,0,0,0,29,multiple_choice,3,E,,,,,,,,67,9,3,W,
1415,59,0,0,0,3,multiple_choice,1,D,,,,,,,,67,9,3,W,
1416,32,0,0,0,30,multiple_choice,3,A,,,,,,,,67,9,3,W,
1417,32,0,0,0,31,multiple_choice,3,D,,,,,,,,67,9,3,W,
1418,32,0,0,0,32,multiple_choice,3,D,,,,,,,,67,9,3,W,
1419,32,0,0,0,33,multiple_choice,3,A,,,,,,,,67,9,3,W,
1420,32,0,0,0,34,multiple_choice,3,B,,,,,,,,67,9,3,W,
1421,32,0,0,0,35,multiple_choice,3,B,,,,,,,,67,9,3,W,
1422,52,0,0,0,4,multiple_choice,1,D,,,,,,,,67,9,3,W,
1423,5,0,0,0,5,multiple_choice,3,E,,,,,,,,67,9,3,W,
1424,5,0,0,0,6,multiple_choice,3,E,,,,,,,,67,9,3,W,
1425,28,0,0,0,7,multiple_choice,3,A,,,,,,,,67,9,3,W,
1426,31,0,0,0,8,multiple_choice,3,D,,,,,,,,67,9,3,W,
1427,40,0,0,0,9,multiple_choice,3,B,,,,,,,,67,9,3,W,
1428,10,0,0,0,10,multiple_choice,3,B,,,,,,,,68,9,4,CR,
1429,22,0,0,0,11,multiple_choice,3,E,,,,,,,,68,9,4,CR,
1430,10,0,0,0,12,multiple_choice,5,D,,,,,,,,68,9,4,CR,
1431,53,0,0,0,13,multiple_choice,1,E,,,,,,,,68,9,4,CR,
1432,22,0,0,0,14,multiple_choice,1,C,,,,,,,,68,9,4,CR,
1433,55,0,0,0,15,multiple_choice,5,A,,,,,,,,68,9,4,CR,
1434,62,0,0,0,16,multiple_choice,1,D,,,,,,,,68,9,4,CR,
1435,22,0,0,0,17,multiple_choice,3,E,,,,,,,,68,9,4,CR,
1436,22,0,0,0,18,multiple_choice,1,D,,,,,,,,68,9,4,CR,
1437,22,0,0,0,19,multiple_choice,3,C,,,,,,,,68,9,4,CR,
1438,62,0,0,0,20,multiple_choice,3,D,,,,,,,,68,9,4,CR,
1439,22,0,0,0,21,multiple_choice,1,A,,,,,,,,68,9,4,CR,
1440,10,0,0,0,22,multiple_choice,1,B,,,,,,,,68,9,4,CR,
1441,22,0,0,0,23,multiple_choice,3,C,,,,,,,,68,9,4,CR,
1442,53,0,0,0,24,multiple_choice,1,E,,,,,,,,68,9,4,CR,
1443,10,0,0,0,9,multiple_choice,1,B,,,,,,,,68,9,4,CR,
1444,61,0,0,0,1,multiple_choice,1,E,,,,,,,,68,9,4,CR,
1445,61,0,0,0,2,multiple_choice,1,B,,,,,,,,68,9,4,CR,
1446,61,0,0,0,3,multiple_choice,1,C,,,,,,,,68,9,4,CR,
1447,61,0,0,0,4,multiple_choice,3,E,,,,,,,,68,9,4,CR,
1448,61,0,0,0,5,multiple_choice,3,B,,,,,,,,68,9,4,CR,
1449,61,0,0,0,6,multiple_choice,3,B,,,,,,,,68,9,4,CR,
1450,61,0,0,0,7,multiple_choice,3,A,,,,,,,,68,9,4,CR,
1451,61,0,0,0,8,multiple_choice,5,B,,,,,,,,68,9,4,CR,
1452,44,0,0,0,1,multiple_choice,1,E,,,,,,,,69,9,5,M,
1453,24,0,0,0,10,multiple_choice,3,A,,,,,,,,69,9,5,M,
1454,4,0,0,0,11,multiple_choice,3,B,,,,,,,,69,9,5,M,
1455,9,48,0,0,12,multiple_choice,3,D,,,,,,,,69,9,5,M,
1456,21,15,0,0,13,multiple_choice,3,D,,,,,,,,69,9,5,M,
1457,17,48,0,0,14,multiple_choice,3,B,,,,,,,,69,9,5,M,
1458,14,0,0,0,15,multiple_choice,3,D,,,,,,,,69,9,5,M,
1459,48,2,0,0,16,multiple_choice,5,E,,,,,,,,69,9,5,M,
1460,63,37,0,0,17,multiple_choice,3,D,,,,,,,,69,9,5,M,
1461,2,4,0,0,18,multiple_choice,5,A,,,,,,,,69,9,5,M,
1462,17,13,15,0,19,multiple_choice,5,C,,,,,,,,69,9,5,M,
1463,48,0,0,0,2,multiple_choice,1,E,,,,,,,,69,9,5,M,
1464,48,42,15,0,20,multiple_choice,5,B,,,,,,,,69,9,5,M,
1465,23,0,0,0,3,multiple_choice,1,B,,,,,,,,69,9,5,M,
1466,18,0,0,0,4,multiple_choice,1,C,,,,,,,,69,9,5,M,
1467,47,63,0,0,5,multiple_choice,1,B,,,,,,,,69,9,5,M,
1468,48,15,13,0,6,multiple_choice,1,C,,,,,,,,69,9,5,M,
1469,3,63,0,0,7,multiple_choice,3,E,,,,,,,,69,9,5,M,
1470,64,0,0,0,8,multiple_choice,3,C,,,,,,,,69,9,5,M,
1471,14,48,0,0,9,multiple_choice,3,B,,,,,,,,69,9,5,M,
1472,22,0,0,0,10,multiple_choice,3,E,,,,,,,,70,9,6,CR,
1473,12,0,0,0,11,multiple_choice,1,A,,,,,,,,70,9,6,CR,
1474,22,0,0,0,12,multiple_choice,3,D,,,,,,,,70,9,6,CR,
1475,22,0,0,0,13,multiple_choice,5,B,,,,,,,,70,9,6,CR,
1476,10,0,0,0,14,multiple_choice,3,D,,,,,,,,70,9,6,CR,
1477,55,0,0,0,15,multiple_choice,5,E,,,,,,,,70,9,6,CR,
1478,22,0,0,0,16,multiple_choice,3,A,,,,,,,,70,9,6,CR,
1479,10,0,0,0,17,multiple_choice,3,B,,,,,,,,70,9,6,CR,
1480,22,0,0,0,18,multiple_choice,1,C,,,,,,,,70,9,6,CR,
1481,22,0,0,0,19,multiple_choice,1,D,,,,,,,,70,9,6,CR,
1482,10,0,0,0,20,multiple_choice,3,A,,,,,,,,70,9,6,CR,
1483,62,0,0,0,21,multiple_choice,1,C,,,,,,,,70,9,6,CR,
1484,55,0,0,0,22,multiple_choice,3,A,,,,,,,,70,9,6,CR,
1485,55,0,0,0,23,multiple_choice,3,E,,,,,,,,70,9,6,CR,
1486,22,0,0,0,24,multiple_choice,3,E,,,,,,,,70,9,6,CR,
1487,62,0,0,0,6,multiple_choice,1,C,,,,,,,,70,9,6,CR,
1488,22,0,0,0,7,multiple_choice,3,A,,,,,,,,70,9,6,CR,
1489,22,0,0,0,8,multiple_choice,3,A,,,,,,,,70,9,6,CR,
1490,10,0,0,0,9,multiple_choice,3,C,,,,,,,,70,9,6,CR,
1491,61,0,0,0,1,multiple_choice,1,D,,,,,,,,70,9,6,CR,
1492,61,0,0,0,2,multiple_choice,1,C,,,,,,,,70,9,6,CR,
1493,61,0,0,0,3,multiple_choice,5,D,,,,,,,,70,9,6,CR,
1494,61,0,0,0,4,multiple_choice,5,E,,,,,,,,70,9,6,CR,
1495,61,0,0,0,5,multiple_choice,5,E,,,,,,,,70,9,6,CR,
1496,48,0,0,0,1,multiple_choice,1,C,,,,,,,,71,9,8,M,
1497,2,0,0,0,10,multiple_choice,3,C,,,,,,,,71,9,8,M,
1498,15,48,0,0,11,multiple_choice,3,C,,,,,,,,71,9,8,M,
1499,37,0,0,0,12,multiple_choice,3,E,,,,,,,,71,9,8,M,
1500,64,46,4,0,13,multiple_choice,3,B,,,,,,,,71,9,8,M,
1501,14,0,0,0,14,multiple_choice,5,B,,,,,,,,71,9,8,M,
1502,20,37,19,0,15,multiple_choice,3,D,,,,,,,,71,9,8,M,
1503,48,0,0,0,16,multiple_choice,5,D,,,,,,,,71,9,8,M,
1504,48,0,0,0,2,multiple_choice,1,B,,,,,,,,71,9,8,M,
1505,48,19,2,0,3,multiple_choice,1,E,,,,,,,,71,9,8,M,
1506,11,0,0,0,4,multiple_choice,1,C,,,,,,,,71,9,8,M,
1507,38,0,0,0,5,multiple_choice,1,C,,,,,,,,71,9,8,M,
1508,63,13,0,0,6,multiple_choice,3,D,,,,,,,,71,9,8,M,
1509,64,23,0,0,7,multiple_choice,3,E,,,,,,,,71,9,8,M,
1510,13,13,64,0,8,multiple_choice,3,A,,,,,,,,71,9,8,M,
1511,1,48,0,0,9,multiple_choice,3,A,,,,,,,,71,9,8,M,
1512,10,0,0,0,10,multiple_choice,3,A,,,,,,,,72,9,9,CR,
1513,22,0,0,0,11,multiple_choice,3,C,,,,,,,,72,9,9,CR,
1514,10,0,0,0,12,multiple_choice,1,D,,,,,,,,72,9,9,CR,
1515,22,0,0,0,13,multiple_choice,1,E,,,,,,,,72,9,9,CR,
1516,22,0,0,0,14,multiple_choice,3,D,,,,,,,,72,9,9,CR,
1517,55,0,0,0,15,multiple_choice,3,C,,,,,,,,72,9,9,CR,
1518,55,0,0,0,16,multiple_choice,3,E,,,,,,,,72,9,9,CR,
1519,55,0,0,0,17,multiple_choice,3,A,,,,,,,,72,9,9,CR,
1520,10,0,0,0,18,multiple_choice,3,B,,,,,,,,72,9,9,CR,
1521,22,0,0,0,19,multiple_choice,3,C,,,,,,,,72,9,9,CR,
1522,22,0,0,0,7,multiple_choice,3,E,,,,,,,,72,9,9,CR,
1523,22,0,0,0,8,multiple_choice,3,D,,,,,,,,72,9,9,CR,
1524,62,0,0,0,9,multiple_choice,1,A,,,,,,,,72,9,9,CR,
1525,61,0,0,0,1,multiple_choice,1,B,,,,,,,,72,9,9,CR,
1526,61,0,0,0,2,multiple_choice,3,D,,,,,,,,72,9,9,CR,
1527,61,0,0,0,3,multiple_choice,3,B,,,,,,,,72,9,9,CR,
1528,61,0,0,0,4,multiple_choice,5,E,,,,,,,,72,9,9,CR,
1529,61,0,0,0,5,multiple_choice,5,A,,,,,,,,72,9,9,CR,
1530,61,0,0,0,6,multiple_choice,5,B,,,,,,,,72,9,9,CR,
1531,48,0,0,0,1,multiple_choice,1,E,,,,,,,,73,10,2,M,
1532,64,48,17,0,10,free_response,1,,10,10,,,,,,73,10,2,M,
1533,15,0,0,0,11,free_response,3,,45,45,,,,,,73,10,2,M,
1534,48,2,0,0,12,free_response,3,,105,105,,,,,,73,10,2,M,
1535,44,0,0,0,13,free_response,3,,12.5,12.5,,,,,,73,10,2,M,
1536,63,15,0,0,14,free_response,3,,0.06,0.06,,,,,,73,10,2,M,
1537,42,0,0,0,15,free_response,5,,192,192,,,,,,73,10,2,M,
1538,15,48,0,0,16,free_response,5,,1.14,1.14,,,,,,73,10,2,M,
1539,19,46,0,0,17,free_response,5,,0,0.375,,,,,,73,10,2,M,
1540,25,23,0,0,18,free_response,5,,1350,1350,,,,,,73,10,2,M,
1541,17,0,0,0,2,multiple_choice,1,E,,,,,,,,73,10,2,M,
1542,48,4,0,0,3,multiple_choice,1,B,,,,,,,,73,10,2,M,
1543,64,1,0,0,4,multiple_choice,1,B,,,,,,,,73,10,2,M,
1544,23,21,0,0,5,multiple_choice,3,D,,,,,,,,73,10,2,M,
1545,15,0,0,0,6,multiple_choice,3,D,,,,,,,,73,10,2,M,
1546,9,48,0,0,7,multiple_choice,3,C,,,,,,,,73,10,2,M,
1547,54,0,0,0,8,multiple_choice,5,A,,,,,,,,73,10,2,M,
1548,48,0,0,0,9,free_response,1,,6.5,6.5,,,,,,73,10,2,M,
1549,16,59,0,0,1,multiple_choice,1,C,,,,,,,,74,10,3,W,
1550,16,0,0,0,2,multiple_choice,1,D,,,,,,,,74,10,3,W,
1551,28,0,0,0,3,multiple_choice,1,A,,,,,,,,74,10,3,W,
1552,57,0,0,0,4,multiple_choice,1,D,,,,,,,,74,10,3,W,
1553,26,0,0,0,5,multiple_choice,1,E,,,,,,,,74,10,3,W,
1554,43,0,0,0,6,multiple_choice,1,D,,,,,,,,74,10,3,W,
1555,59,16,0,0,7,multiple_choice,1,B,,,,,,,,74,10,3,W,
1556,43,0,0,0,8,multiple_choice,1,C,,,,,,,,74,10,3,W,
1557,31,0,0,0,9,multiple_choice,1,C,,,,,,,,74,10,3,W,
1558,51,0,0,0,10,multiple_choice,1,B,,,,,,,,74,10,3,W,
1559,26,0,0,0,11,multiple_choice,5,D,,,,,,,,74,10,3,W,
1560,52,0,0,0,12,multiple_choice,1,B,,,,,,,,74,10,3,W,
1561,60,0,0,0,13,multiple_choice,1,B,,,,,,,,74,10,3,W,
1562,28,0,0,0,14,multiple_choice,1,E,,,,,,,,74,10,3,W,
1563,7,0,0,0,15,multiple_choice,1,D,,,,,,,,74,10,3,W,
1564,52,0,0,0,16,multiple_choice,1,A,,,,,,,,74,10,3,W,
1565,59,0,0,0,17,multiple_choice,1,D,,,,,,,,74,10,3,W,
1566,27,0,0,0,18,multiple_choice,1,D,,,,,,,,74,10,3,W,
1567,29,0,0,0,19,multiple_choice,3,C,,,,,,,,74,10,3,W,
1568,59,0,0,0,20,multiple_choice,1,A,,,,,,,,74,10,3,W,
1569,8,0,0,0,21,multiple_choice,3,A,,,,,,,,74,10,3,W,
1570,50,0,0,0,22,multiple_choice,3,A,,,,,,,,74,10,3,W,
1571,28,0,0,0,23,multiple_choice,3,E,,,,,,,,74,10,3,W,
1572,52,0,0,0,24,multiple_choice,3,D,,,,,,,,74,10,3,W,
1573,8,0,0,0,25,multiple_choice,1,A,,,,,,,,74,10,3,W,
1574,57,0,0,0,26,multiple_choice,3,C,,,,,,,,74,10,3,W,
1575,28,0,0,0,27,multiple_choice,5,E,,,,,,,,74,10,3,W,
1576,29,0,0,0,28,multiple_choice,3,A,,,,,,,,74,10,3,W,
1577,28,0,0,0,29,multiple_choice,3,E,,,,,,,,74,10,3,W,
1578,32,0,0,0,30,multiple_choice,3,C,,,,,,,,74,10,3,W,
1579,32,0,0,0,31,multiple_choice,1,D,,,,,,,,74,10,3,W,
1580,32,0,0,0,32,multiple_choice,3,D,,,,,,,,74,10,3,W,
1581,32,0,0,0,33,multiple_choice,3,B,,,,,,,,74,10,3,W,
1582,32,0,0,0,34,multiple_choice,3,E,,,,,,,,74,10,3,W,
1583,32,0,0,0,35,multiple_choice,3,D,,,,,,,,74,10,3,W,
1584,59,8,0,0,1,multiple_choice,1,B,,,,,,,,75,10,10,W,
1585,28,0,0,0,2,multiple_choice,1,A,,,,,,,,75,10,10,W,
1586,43,0,0,0,3,multiple_choice,1,B,,,,,,,,75,10,10,W,
1587,28,0,0,0,4,multiple_choice,1,A,,,,,,,,75,10,10,W,
1588,6,59,0,0,5,multiple_choice,1,E,,,,,,,,75,10,10,W,
1589,26,0,0,0,6,multiple_choice,3,E,,,,,,,,75,10,10,W,
1590,52,0,0,0,7,multiple_choice,1,D,,,,,,,,75,10,10,W,
1591,28,0,0,0,8,multiple_choice,1,A,,,,,,,,75,10,10,W,
1592,26,0,0,0,9,multiple_choice,1,C,,,,,,,,75,10,10,W,
1593,28,0,0,0,10,multiple_choice,1,A,,,,,,,,75,10,10,W,
1594,8,0,0,0,11,multiple_choice,3,E,,,,,,,,75,10,10,W,
1595,8,0,0,0,12,multiple_choice,3,D,,,,,,,,75,10,10,W,
1596,31,0,0,0,13,multiple_choice,3,E,,,,,,,,75,10,10,W,
1597,28,0,0,0,14,multiple_choice,5,A,,,,,,,,75,10,10,W,
1598,12,0,0,0,10,multiple_choice,3,D,,,,,,,,76,10,4,CR,
1599,22,0,0,0,11,multiple_choice,5,A,,,,,,,,76,10,4,CR,
1600,55,0,0,0,12,multiple_choice,1,E,,,,,,,,76,10,4,CR,
1601,22,0,0,0,13,multiple_choice,1,B,,,,,,,,76,10,4,CR,
1602,22,0,0,0,14,multiple_choice,3,E,,,,,,,,76,10,4,CR,
1603,22,0,0,0,15,multiple_choice,1,D,,,,,,,,76,10,4,CR,
1604,22,0,0,0,16,multiple_choice,3,C,,,,,,,,76,10,4,CR,
1605,22,0,0,0,17,multiple_choice,3,A,,,,,,,,76,10,4,CR,
1606,22,0,0,0,18,multiple_choice,3,B,,,,,,,,76,10,4,CR,
1607,10,0,0,0,19,multiple_choice,3,D,,,,,,,,76,10,4,CR,
1608,22,0,0,0,20,multiple_choice,3,C,,,,,,,,76,10,4,CR,
1609,10,0,0,0,21,multiple_choice,3,B,,,,,,,,76,10,4,CR,
1610,62,0,0,0,22,multiple_choice,3,D,,,,,,,,76,10,4,CR,
1611,10,0,0,0,23,multiple_choice,3,B,,,,,,,,76,10,4,CR,
1612,22,0,0,0,24,multiple_choice,3,A,,,,,,,,76,10,4,CR,
1613,22,0,0,0,9,multiple_choice,1,C,,,,,,,,76,10,4,CR,
1614,61,0,0,0,1,multiple_choice,1,A,,,,,,,,76,10,4,CR,
1615,61,0,0,0,2,multiple_choice,3,C,,,,,,,,76,10,4,CR,
1616,61,0,0,0,3,multiple_choice,3,A,,,,,,,,76,10,4,CR,
1617,61,0,0,0,4,multiple_choice,3,D,,,,,,,,76,10,4,CR,
1618,61,0,0,0,5,multiple_choice,3,C,,,,,,,,76,10,4,CR,
1619,61,0,0,0,6,multiple_choice,3,E,,,,,,,,76,10,4,CR,
1620,61,0,0,0,7,multiple_choice,5,A,,,,,,,,76,10,4,CR,
1621,61,0,0,0,8,multiple_choice,5,D,,,,,,,,76,10,4,CR,
1622,15,0,0,0,1,multiple_choice,1,B,,,,,,,,77,10,5,M,
1623,58,0,0,0,10,multiple_choice,3,E,,,,,,,,77,10,5,M,
1624,48,2,19,0,11,multiple_choice,3,B,,,,,,,,77,10,5,M,
1625,13,48,37,0,12,multiple_choice,3,C,,,,,,,,77,10,5,M,
1626,20,0,0,0,13,multiple_choice,3,C,,,,,,,,77,10,5,M,
1627,37,14,0,0,14,multiple_choice,5,D,,,,,,,,77,10,5,M,
1628,42,48,0,0,15,multiple_choice,3,A,,,,,,,,77,10,5,M,
1629,64,17,0,0,16,multiple_choice,3,A,,,,,,,,77,10,5,M,
1630,14,0,0,0,17,multiple_choice,5,D,,,,,,,,77,10,5,M,
1631,64,38,0,0,18,multiple_choice,5,A,,,,,,,,77,10,5,M,
1632,48,17,13,0,19,multiple_choice,3,E,,,,,,,,77,10,5,M,
1633,23,0,0,0,2,multiple_choice,1,E,,,,,,,,77,10,5,M,
1634,63,37,0,0,20,multiple_choice,5,E,,,,,,,,77,10,5,M,
1635,48,2,0,0,3,multiple_choice,1,C,,,,,,,,77,10,5,M,
1636,48,0,0,0,4,multiple_choice,1,D,,,,,,,,77,10,5,M,
1637,48,38,0,0,5,multiple_choice,1,B,,,,,,,,77,10,5,M,
1638,48,15,0,0,6,multiple_choice,3,A,,,,,,,,77,10,5,M,
1639,48,3,0,0,7,multiple_choice,3,C,,,,,,,,77,10,5,M,
1640,24,0,0,0,8,multiple_choice,3,C,,,,,,,,77,10,5,M,
1641,63,0,0,0,9,multiple_choice,3,D,,,,,,,,77,10,5,M,
1642,61,0,0,0,1,multiple_choice,1,C,,,,,,,,78,10,6,CR,
1643,61,0,0,0,2,multiple_choice,3,C,,,,,,,,78,10,6,CR,
1644,61,0,0,0,3,multiple_choice,3,C,,,,,,,,78,10,6,CR,
1645,61,0,0,0,4,multiple_choice,3,E,,,,,,,,78,10,6,CR,
1646,61,0,0,0,5,multiple_choice,3,A,,,,,,,,78,10,6,CR,
1647,53,0,0,0,10,multiple_choice,3,D,,,,,,,,78,10,6,CR,
1648,22,0,0,0,11,multiple_choice,3,D,,,,,,,,78,10,6,CR,
1649,62,0,0,0,12,multiple_choice,3,D,,,,,,,,78,10,6,CR,
1650,10,0,0,0,13,multiple_choice,5,B,,,,,,,,78,10,6,CR,
1651,22,0,0,0,14,multiple_choice,3,A,,,,,,,,78,10,6,CR,
1652,55,0,0,0,15,multiple_choice,3,B,,,,,,,,78,10,6,CR,
1653,53,0,0,0,16,multiple_choice,5,A,,,,,,,,78,10,6,CR,
1654,55,0,0,0,17,multiple_choice,5,B,,,,,,,,78,10,6,CR,
1655,22,0,0,0,18,multiple_choice,1,C,,,,,,,,78,10,6,CR,
1656,10,0,0,0,19,multiple_choice,5,C,,,,,,,,78,10,6,CR,
1657,62,0,0,0,20,multiple_choice,3,E,,,,,,,,78,10,6,CR,
1658,22,0,0,0,21,multiple_choice,3,B,,,,,,,,78,10,6,CR,
1659,22,0,0,0,22,multiple_choice,5,B,,,,,,,,78,10,6,CR,
1660,53,0,0,0,23,multiple_choice,1,E,,,,,,,,78,10,6,CR,
1661,22,0,0,0,24,multiple_choice,3,B,,,,,,,,78,10,6,CR,
1662,53,0,0,0,6,multiple_choice,3,D,,,,,,,,78,10,6,CR,
1663,10,0,0,0,7,multiple_choice,1,D,,,,,,,,78,10,6,CR,
1664,55,0,0,0,8,multiple_choice,3,B,,,,,,,,78,10,6,CR,
1665,10,0,0,0,9,multiple_choice,3,C,,,,,,,,78,10,6,CR,
1666,18,0,0,0,1,multiple_choice,1,A,,,,,,,,79,10,8,M,
1667,20,47,0,0,10,multiple_choice,3,C,,,,,,,,79,10,8,M,
1668,63,13,0,0,11,multiple_choice,3,A,,,,,,,,79,10,8,M,
1669,38,2,15,0,12,multiple_choice,3,C,,,,,,,,79,10,8,M,
1670,63,17,0,0,13,multiple_choice,3,D,,,,,,,,79,10,8,M,
1671,48,19,2,0,14,multiple_choice,3,E,,,,,,,,79,10,8,M,
1672,48,15,0,0,15,multiple_choice,5,C,,,,,,,,79,10,8,M,
1673,15,63,0,0,16,multiple_choice,5,E,,,,,,,,79,10,8,M,
1674,63,0,0,0,2,multiple_choice,1,E,,,,,,,,79,10,8,M,
1675,11,0,0,0,3,multiple_choice,1,C,,,,,,,,79,10,8,M,
1676,9,64,0,0,4,multiple_choice,1,E,,,,,,,,79,10,8,M,
1677,23,0,0,0,5,multiple_choice,1,C,,,,,,,,79,10,8,M,
1678,30,0,0,0,6,multiple_choice,1,D,,,,,,,,79,10,8,M,
1679,15,34,13,0,7,multiple_choice,3,B,,,,,,,,79,10,8,M,
1680,15,2,4,0,8,multiple_choice,3,B,,,,,,,,79,10,8,M,
1681,17,64,0,0,9,multiple_choice,3,B,,,,,,,,79,10,8,M,
1682,10,0,0,0,10,multiple_choice,3,C,,,,,,,,80,10,9,CR,
1683,22,0,0,0,11,multiple_choice,3,A,,,,,,,,80,10,9,CR,
1684,22,0,0,0,12,multiple_choice,3,D,,,,,,,,80,10,9,CR,
1685,62,0,0,0,13,multiple_choice,1,C,,,,,,,,80,10,9,CR,
1686,22,0,0,0,14,multiple_choice,3,E,,,,,,,,80,10,9,CR,
1687,22,0,0,0,15,multiple_choice,3,D,,,,,,,,80,10,9,CR,
1688,22,0,0,0,16,multiple_choice,5,E,,,,,,,,80,10,9,CR,
1689,22,0,0,0,17,multiple_choice,3,E,,,,,,,,80,10,9,CR,
1690,53,0,0,0,18,multiple_choice,3,C,,,,,,,,80,10,9,CR,
1691,10,0,0,0,19,multiple_choice,3,C,,,,,,,,80,10,9,CR,
1692,10,0,0,0,7,multiple_choice,3,A,,,,,,,,80,10,9,CR,
1693,10,0,0,0,8,multiple_choice,1,B,,,,,,,,80,10,9,CR,
1694,22,0,0,0,9,multiple_choice,3,D,,,,,,,,80,10,9,CR,
1695,61,0,0,0,1,multiple_choice,1,C,,,,,,,,80,10,9,CR,
1696,61,0,0,0,2,multiple_choice,3,E,,,,,,,,80,10,9,CR,
1697,61,0,0,0,3,multiple_choice,3,E,,,,,,,,80,10,9,CR,
1698,61,0,0,0,4,multiple_choice,3,D,,,,,,,,80,10,9,CR,
1699,61,0,0,0,5,multiple_choice,3,D,,,,,,,,80,10,9,CR,
1700,61,0,0,0,6,multiple_choice,5,C,,,,,,,,80,10,9,CR,